-- MariaDB dump 10.19  Distrib 10.4.32-MariaDB, for Win64 (AMD64)
--
-- Host: localhost    Database: social9
-- ------------------------------------------------------
-- Server version	10.4.32-MariaDB

/*!40101 SET @OLD_CHARACTER_SET_CLIENT=@@CHARACTER_SET_CLIENT */;
/*!40101 SET @OLD_CHARACTER_SET_RESULTS=@@CHARACTER_SET_RESULTS */;
/*!40101 SET @OLD_COLLATION_CONNECTION=@@COLLATION_CONNECTION */;
/*!40101 SET NAMES utf8mb4 */;
/*!40103 SET @OLD_TIME_ZONE=@@TIME_ZONE */;
/*!40103 SET TIME_ZONE='+00:00' */;
/*!40014 SET @OLD_FOREIGN_KEY_CHECKS=@@FOREIGN_KEY_CHECKS, FOREIGN_KEY_CHECKS=0 */;
/*!40101 SET @OLD_SQL_MODE=@@SQL_MODE, SQL_MODE='NO_AUTO_VALUE_ON_ZERO' */;
/*!40111 SET @OLD_SQL_NOTES=@@SQL_NOTES, SQL_NOTES=0 */;

--
-- Dumping data for table `users`
--

LOCK TABLES `users` WRITE;
/*!40000 ALTER TABLE `users` DISABLE KEYS */;
INSERT INTO `users` (`id`, `email`, `password_hash`, `display_name`, `display_name_en`, `display_name_zh`, `full_name`, `avatar_path`, `bio`, `birth_date`, `phone`, `prefecture`, `city`, `family_structure`, `auth_level`, `email_verified_at`, `phone_verified_at`, `identity_verified_at`, `identity_document_path`, `identity_status`, `role`, `member_type`, `warning_count`, `suspended_until`, `last_login`, `status`, `is_minor`, `is_qualified_investor`, `organization_id`, `online_status`, `last_seen`, `display_language`, `translate_to`, `auto_translate`, `custom_status`, `password_reset_token`, `password_reset_expires`, `email_verification_token`, `phone_verification_code`, `phone_verification_expires`, `login_attempts`, `locked_until`, `created_at`, `updated_at`, `last_activity`) VALUES (1,'admin@social9.jp','$2y$10$I3S6afLUtLf1jitlb3RJfuy1GwmXHqCHpggUIAdDFPRa8bSdeK5FC','システム管理者',NULL,NULL,'システム管理者',NULL,NULL,NULL,NULL,NULL,NULL,NULL,3,'2025-12-24 01:18:48',NULL,NULL,NULL,'none','system_admin','internal',0,NULL,NULL,'active',0,0,6,'offline','2025-12-24 01:45:58','ja','ja',1,NULL,NULL,NULL,NULL,NULL,NULL,0,NULL,'2025-12-24 01:11:18','2026-01-01 07:58:14',NULL),(5,'support-ai@social9.jp','$2y$10$ZTk.c.HIYRCSRA/tgOZBO.VzEAVTPbPXZHPm1t6GChqUUqoi4F0Ei','Social9相談窓口AI',NULL,NULL,'Social9相談窓口AI',NULL,NULL,'1990-01-01',NULL,NULL,NULL,NULL,1,'2025-12-24 01:45:03',NULL,NULL,NULL,'none','user','internal',0,NULL,NULL,'active',0,0,6,'online',NULL,'ja','ja',1,NULL,NULL,NULL,NULL,NULL,NULL,0,NULL,'2025-12-24 01:45:03','2026-01-01 07:58:14',NULL),(6,'narakenn1211@gmail.com','$2y$10$WSOZJLn4JXOIEnjpF.2LGuTaFDx72SQACkEMXPqudtHAO1mQF3uVW','Ken','Kentaro Nara','奈良健太郎','奈良健太郎',NULL,'clover Staff','1990-01-01',NULL,'愛知県','岡崎市',NULL,1,'2025-12-24 01:45:03',NULL,NULL,NULL,'none','developer','internal',0,NULL,'2026-01-01 22:17:52','active',0,0,6,'online','2026-01-04 12:41:55','ja','ja',1,NULL,NULL,NULL,NULL,NULL,NULL,0,NULL,'2025-12-24 01:45:03','2026-01-05 00:13:11','2026-01-05 00:13:11'),(7,'saitanibunta@social9.jp','$2y$10$jsaR7.OotNrET1QxcuSTPeF5b5ccHlASfGmxYciqt.LeKqUuJfX7u','Bunta',NULL,NULL,'奈良健太郎',NULL,NULL,'1990-01-01',NULL,NULL,NULL,NULL,1,'2025-12-24 01:45:03',NULL,NULL,NULL,'none','developer','internal',0,NULL,NULL,'active',0,0,6,'offline',NULL,'ja','ja',1,NULL,NULL,NULL,NULL,NULL,NULL,0,NULL,'2025-12-24 01:45:03','2026-01-01 07:58:14',NULL),(8,'narasaku@social9.jp','$2y$10$0AtPFkQHJxf35pRHevVwhexXAkYRPu7gCUjl9YcfiqpWkXJ5KhY02','Saku.N',NULL,NULL,'奈良朔',NULL,NULL,'1990-01-01',NULL,NULL,NULL,NULL,1,'2025-12-24 01:45:03',NULL,NULL,NULL,'none','user','internal',0,NULL,NULL,'active',0,0,6,'offline',NULL,'ja','ja',1,NULL,NULL,NULL,NULL,NULL,NULL,0,NULL,'2025-12-24 01:45:03','2026-01-01 07:58:14',NULL),(9,'clover.matsunaganaomi@gmail.com','$2y$10$ZTk.c.HIYRCSRA/tgOZBO.VzEAVTPbPXZHPm1t6GChqUUqoi4F0Ei','Naomi',NULL,NULL,'Naomi',NULL,NULL,'1990-01-01',NULL,NULL,NULL,NULL,1,'2025-12-24 01:45:03',NULL,NULL,NULL,'none','org_admin','internal',0,NULL,NULL,'active',0,0,6,'online',NULL,'ja','ja',1,NULL,NULL,NULL,NULL,NULL,NULL,0,NULL,'2025-12-24 01:45:03','2026-01-01 07:58:14',NULL),(10,'authority1001x@gmail.com','$2y$10$kwIbo9t3Q1ItVVt7aG8JUekWfRwSf9y8lo3Ozc9gFidtbbejO09UC','Yusei.K',NULL,NULL,'小島悠生',NULL,NULL,'1990-01-01',NULL,NULL,NULL,NULL,1,'2025-12-24 01:45:03',NULL,NULL,NULL,'none','user','internal',0,NULL,NULL,'active',0,0,6,'online',NULL,'ja','ja',1,NULL,NULL,NULL,NULL,NULL,NULL,0,NULL,'2025-12-24 01:45:03','2026-01-01 07:58:14',NULL),(63,'jobs@clover.com','$2y$10$Nx3CYF4uUhYo9HQezTsTHOqcvB77cq5WQHrJtgQkb4EU7NIGm41Jm','Jobs',NULL,NULL,'Jobs',NULL,NULL,NULL,NULL,NULL,NULL,NULL,1,NULL,NULL,NULL,NULL,'none','user','internal',0,NULL,NULL,'active',0,0,6,'offline',NULL,'ja','ja',1,NULL,NULL,NULL,NULL,NULL,NULL,0,NULL,'2026-01-01 03:15:43','2026-01-01 07:58:14',NULL),(70,'kozue@clover.com','$2y$10$Z6hsPpt7jM/7Q3F.7.8Ur./pe2jbs4xudqK6mvfgb0yI8joPhl.mS','Kozue',NULL,NULL,'Kozue',NULL,NULL,NULL,NULL,NULL,NULL,NULL,1,NULL,NULL,NULL,NULL,'none','user','internal',0,NULL,NULL,'active',0,0,6,'offline',NULL,'ja','ja',1,NULL,NULL,NULL,NULL,NULL,NULL,0,NULL,'2026-01-01 03:15:44','2026-01-01 07:58:14',NULL),(72,'numata@clover.com','$2y$10$JGf6FESu/gn3P4qV/xz14uuaebltZ1N8L5gr3oT1A.2wBdHEeeSUC','沼田先生',NULL,NULL,'沼田先生',NULL,NULL,NULL,NULL,NULL,NULL,NULL,1,NULL,NULL,NULL,NULL,'none','user','external',0,NULL,NULL,'active',0,0,6,'offline',NULL,'ja','ja',1,NULL,NULL,NULL,NULL,NULL,NULL,0,NULL,'2026-01-01 03:15:44','2026-01-01 07:58:14',NULL),(73,'yabuuchi@clover.com','$2y$10$Q91wAadZUZyA/NK1HB7deuPD6L8D3DVoa8XX9lW6U739kLWmxzj0O','薮内昌代',NULL,NULL,'薮内昌代',NULL,NULL,NULL,NULL,NULL,NULL,NULL,1,NULL,NULL,NULL,NULL,'none','user','external',0,NULL,NULL,'active',0,0,6,'offline',NULL,'ja','ja',1,NULL,NULL,NULL,NULL,NULL,NULL,0,NULL,'2026-01-01 03:15:44','2026-01-01 07:58:14',NULL),(74,'yamada_a@clover.com','$2y$10$aaW7mKXLyKcfPXvGMxpDFOs5PPzCIphvxq0NiVPILkXn7dEyEflFy','山田晃代',NULL,NULL,'山田晃代',NULL,NULL,NULL,NULL,NULL,NULL,NULL,1,NULL,NULL,NULL,NULL,'none','user','external',0,NULL,NULL,'active',0,0,6,'offline',NULL,'ja','ja',1,NULL,NULL,NULL,NULL,NULL,NULL,0,NULL,'2026-01-01 03:15:44','2026-01-01 07:58:14',NULL),(78,'marvin@clover.com','$2y$10$hA2SltpTRE9wDTaBB0DATODxbVstjorYt9CeR22mg6Wj8dHD/oRtO','Marvin',NULL,NULL,'Marvin',NULL,NULL,NULL,NULL,NULL,NULL,NULL,1,NULL,NULL,NULL,NULL,'none','user','external',0,NULL,NULL,'active',0,0,6,'offline',NULL,'ja','ja',1,NULL,NULL,NULL,NULL,NULL,NULL,0,NULL,'2026-01-01 03:15:45','2026-01-01 07:58:14',NULL),(80,'linda@clover.com','$2y$10$maVeIGXpqoCv37lqg7CRHeY3qsamN87kL9O9z4i7bBBZ9O7.Cw82e','Linda',NULL,NULL,'Linda',NULL,NULL,NULL,NULL,NULL,NULL,NULL,1,NULL,NULL,NULL,NULL,'none','user','external',0,NULL,NULL,'active',0,0,6,'offline',NULL,'ja','ja',1,NULL,NULL,NULL,NULL,NULL,NULL,0,NULL,'2026-01-01 03:15:45','2026-01-01 07:58:14',NULL),(86,'adelina@clover.com','$2y$10$5Ss25c.6JtVf6at0kwduze0bqkeG.e5.YZl8d6bkXa16.iahU5rpC','Adelina',NULL,NULL,'Adelina',NULL,NULL,NULL,NULL,NULL,NULL,NULL,1,NULL,NULL,NULL,NULL,'none','user','internal',0,NULL,NULL,'active',0,0,6,'offline',NULL,'ja','ja',1,NULL,NULL,NULL,NULL,NULL,NULL,0,NULL,'2026-01-01 03:15:46','2026-01-01 07:58:14',NULL),(89,'misa@clover.com','$2y$10$iGulY9VRGapKqS44w69p4eewXfbIyNenFwVbeEs9mxGQE5yYc4tR6','Misa',NULL,NULL,'Misa',NULL,NULL,NULL,NULL,NULL,NULL,NULL,1,NULL,NULL,NULL,NULL,'none','user','internal',0,NULL,NULL,'active',0,0,6,'offline',NULL,'ja','ja',1,NULL,NULL,NULL,NULL,NULL,NULL,0,NULL,'2026-01-01 03:15:46','2026-01-01 07:58:14',NULL),(91,'yukari@clover.com','$2y$10$CDZFz6fJbxLwx1CqZoJcJ.irKT2yQ8DLrMq1ygrsjm13eNgsXCvya','Yukari',NULL,NULL,'Yukari',NULL,NULL,NULL,NULL,NULL,NULL,NULL,1,NULL,NULL,NULL,NULL,'none','user','internal',0,NULL,NULL,'active',0,0,6,'offline',NULL,'ja','ja',1,NULL,NULL,NULL,NULL,NULL,NULL,0,NULL,'2026-01-01 03:15:47','2026-01-01 07:58:14',NULL),(92,'cao@clover.com','$2y$10$rUfhMft6FxRO435fnCPXMOwCelDh4vkJriXveglpzNImocwdHTvnq','Cao',NULL,NULL,'Cao',NULL,NULL,NULL,NULL,NULL,NULL,NULL,1,NULL,NULL,NULL,NULL,'none','user','internal',0,NULL,NULL,'active',0,0,6,'offline',NULL,'ja','ja',1,NULL,NULL,NULL,NULL,NULL,NULL,0,NULL,'2026-01-01 03:15:47','2026-01-01 07:58:14',NULL),(94,'alex@clover.com','$2y$10$kC96HBaMwNL74MR1IreOwuqJCluoZji2yuTbDHmMvOHMrWddtTXKS','Alex',NULL,NULL,'Alex',NULL,NULL,NULL,NULL,NULL,NULL,NULL,1,NULL,NULL,NULL,NULL,'none','user','internal',0,NULL,NULL,'active',0,0,6,'offline',NULL,'ja','ja',1,NULL,NULL,NULL,NULL,NULL,NULL,0,NULL,'2026-01-01 03:15:47','2026-01-01 07:58:14',NULL),(99,'jie@clover.com','$2y$10$oOQhhu0Ztyd.eMiOkuyhNemVXWIaym5hNuht0j11/nGxPWLyZZ3wi','Jie',NULL,NULL,'Jie',NULL,NULL,NULL,NULL,NULL,NULL,NULL,1,NULL,NULL,NULL,NULL,'none','user','internal',0,NULL,NULL,'active',0,0,6,'offline',NULL,'ja','ja',1,NULL,NULL,NULL,NULL,NULL,NULL,0,NULL,'2026-01-01 03:15:48','2026-01-01 07:58:14',NULL),(100,'ves@clover.com','$2y$10$aeJTS38Tc7RLPCLbcXsRFeb7xDbpWg082vqHIr.BUef/6GJS2nS1y','Ves',NULL,NULL,'Ves',NULL,NULL,NULL,NULL,NULL,NULL,NULL,1,NULL,NULL,NULL,NULL,'none','user','internal',0,NULL,NULL,'active',0,0,6,'offline',NULL,'ja','ja',1,NULL,NULL,NULL,NULL,NULL,NULL,0,NULL,'2026-01-01 03:15:48','2026-01-01 07:58:14',NULL),(101,'remkristiane@clover.com','$2y$10$jCVoex8hvWcX9.hBlNZ7v.eavW03BewPLGpG15v7ATUOApFFnEZ7.','Rem Kristiane',NULL,NULL,'Rem Kristiane',NULL,NULL,NULL,NULL,NULL,NULL,NULL,1,NULL,NULL,NULL,NULL,'none','user','internal',0,NULL,NULL,'active',0,0,6,'offline',NULL,'ja','ja',1,NULL,NULL,NULL,NULL,NULL,NULL,0,NULL,'2026-01-01 03:15:48','2026-01-01 07:58:14',NULL),(102,'shafna@clover.com','$2y$10$w7MlNOVSy5gaTVZm7okH0ePDpDSKxHCCMvpuk0MZpy2A.QUGk6uIq','Shafna',NULL,NULL,'Shafna',NULL,NULL,NULL,NULL,NULL,NULL,NULL,1,NULL,NULL,NULL,NULL,'none','user','internal',0,NULL,NULL,'active',0,0,6,'offline',NULL,'ja','ja',1,NULL,NULL,NULL,NULL,NULL,NULL,0,NULL,'2026-01-01 03:15:48','2026-01-01 07:58:14',NULL),(105,'jason@clover.com','$2y$10$14coxj9Qa9z0I0bT9LoLmeMoYsEb/OfADrTuJoDFaFienzkSHy5HS','Jason',NULL,NULL,'Jason',NULL,NULL,NULL,NULL,NULL,NULL,NULL,1,NULL,NULL,NULL,NULL,'none','user','internal',0,NULL,NULL,'active',0,0,6,'offline',NULL,'ja','ja',1,NULL,NULL,NULL,NULL,NULL,NULL,0,NULL,'2026-01-01 03:15:48','2026-01-01 07:58:14',NULL),(106,'hirayama@clover.com','$2y$10$yIRbVW1ijQTEULCXz/ASRu0x/YpkncHqfGHUvzKAg5WOk7lv/7G1.','平山元章',NULL,NULL,'平山元章',NULL,NULL,NULL,NULL,NULL,NULL,NULL,1,NULL,NULL,NULL,NULL,'none','user','external',0,NULL,NULL,'active',0,0,6,'offline',NULL,'ja','ja',1,NULL,NULL,NULL,NULL,NULL,NULL,0,NULL,'2026-01-01 03:15:49','2026-01-01 07:58:14',NULL),(107,'oda@clover.com','$2y$10$giDfnxAhTVX7E6GdI8SI.O8hztsAHUViaK0rxG4jbT6dEC2hOFBiu','織田満',NULL,NULL,'織田満',NULL,NULL,NULL,NULL,NULL,NULL,NULL,1,NULL,NULL,NULL,NULL,'none','user','external',0,NULL,NULL,'active',0,0,6,'offline',NULL,'ja','ja',1,NULL,NULL,NULL,NULL,NULL,NULL,0,NULL,'2026-01-01 03:15:49','2026-01-01 07:58:14',NULL),(109,'elisha@clover.com','$2y$10$UopqmtQJnPdwS3Ln6fypkOE69qbQaN3tX17bT1n3x5ifIIMMPdhiu','Elisha',NULL,NULL,'Elisha',NULL,NULL,NULL,NULL,NULL,NULL,NULL,1,NULL,NULL,NULL,NULL,'none','user','internal',0,NULL,NULL,'active',0,0,6,'offline',NULL,'ja','ja',1,NULL,NULL,NULL,NULL,NULL,NULL,0,NULL,'2026-01-01 03:15:49','2026-01-01 07:58:14',NULL),(110,'hyodo@clover.com','$2y$10$v.PKN0.wRQz14wxP68d9duewFA7BL/62tMmP1BjKTOHZgXmvMS2B2','兵藤伸彦',NULL,NULL,'兵藤伸彦',NULL,NULL,NULL,NULL,NULL,NULL,NULL,1,NULL,NULL,NULL,NULL,'none','user','external',0,NULL,NULL,'active',0,0,6,'offline',NULL,'ja','ja',1,NULL,NULL,NULL,NULL,NULL,NULL,0,NULL,'2026-01-01 03:15:49','2026-01-01 07:58:14',NULL),(111,'bondssato@clover.com','$2y$10$PaEuc9AnS3g5Fhmm4.dLKeCcBTTtT5e06Rnal4inDakv13pqLCxlW','Bonds Works 佐藤',NULL,NULL,'Bonds Works 佐藤',NULL,NULL,NULL,NULL,NULL,NULL,NULL,1,NULL,NULL,NULL,NULL,'none','user','external',0,NULL,NULL,'active',0,0,6,'offline',NULL,'ja','ja',1,NULL,NULL,NULL,NULL,NULL,NULL,0,NULL,'2026-01-01 03:15:49','2026-01-01 07:58:14',NULL),(112,'clover.osukanaomi@gmail.com','$2y$10$99a.ZkMwe6/Tzc2HaqDueu1DuCbegKCuFscwcNWecPt9ztlgtRY2q','Nao',NULL,NULL,'大須賀尚美',NULL,NULL,NULL,NULL,NULL,NULL,NULL,1,NULL,NULL,NULL,NULL,'none','user','internal',0,NULL,NULL,'active',0,0,6,'offline',NULL,'ja','ja',1,NULL,NULL,NULL,NULL,NULL,NULL,0,NULL,'2026-01-01 03:24:36','2026-01-01 07:58:14',NULL),(113,'clover.kojimamika@gmail.com','$2y$10$b.wDqLp0EEGxo79f1nYF/.wMScpBXaSCNfD2lcJAOo6570pCPH.2m','Mika',NULL,NULL,'小島美香',NULL,NULL,NULL,NULL,NULL,NULL,NULL,1,NULL,NULL,NULL,NULL,'none','user','internal',0,NULL,NULL,'active',0,0,6,'offline',NULL,'ja','ja',1,NULL,NULL,NULL,NULL,NULL,NULL,0,NULL,'2026-01-01 03:24:37','2026-01-01 07:58:14',NULL),(114,'sayo.nara211211@gmail.com','$2y$10$eJFWXUlOBLyYG7dqDeCvtuTVgRU3QK9NO.Un/a7C6aRtopzgEWioa','Sayoko',NULL,NULL,'奈良さよ子',NULL,NULL,NULL,NULL,NULL,NULL,NULL,1,NULL,NULL,NULL,NULL,'none','user','external',0,NULL,NULL,'active',0,0,6,'offline',NULL,'ja','ja',1,NULL,NULL,NULL,NULL,NULL,NULL,0,NULL,'2026-01-01 03:24:37','2026-01-01 07:58:14',NULL),(115,'clover.edamuramari@gmail.com','$2y$10$XwtD84yGnFonlV3U6y55SOkwA0cOG3b02fCk7KDZ.Ol6mYk1BW.me','Mari',NULL,NULL,'枝村真梨',NULL,NULL,NULL,NULL,NULL,NULL,NULL,1,NULL,NULL,NULL,NULL,'none','user','internal',0,NULL,NULL,'active',0,0,6,'offline',NULL,'ja','ja',1,NULL,NULL,NULL,NULL,NULL,NULL,0,NULL,'2026-01-01 03:24:37','2026-01-01 07:58:14',NULL),(116,'clover.tamaki@gmail.com','$2y$10$0J0I1.4TlM8stuG.zVl4/OKEaR4BicdTwENewWaN2LtupNgbC7pii','Tamaki',NULL,NULL,'奈良珠紀',NULL,NULL,NULL,NULL,NULL,NULL,NULL,1,NULL,NULL,NULL,NULL,'none','user','internal',0,NULL,NULL,'active',0,0,6,'offline',NULL,'ja','ja',1,NULL,NULL,NULL,NULL,NULL,NULL,0,NULL,'2026-01-01 03:24:37','2026-01-01 07:58:14',NULL),(117,'clover.haradasachie@gmail.com','$2y$10$ImjRXn0iznjTQhe/cFhCZOxOmWvZZQfRNXtU6AQwk45QqoziHwFku','Lin',NULL,NULL,'原田幸恵',NULL,NULL,NULL,NULL,NULL,NULL,NULL,1,NULL,NULL,NULL,NULL,'none','user','internal',0,NULL,NULL,'active',0,0,6,'offline',NULL,'ja','ja',1,NULL,NULL,NULL,NULL,NULL,NULL,0,NULL,'2026-01-01 03:24:37','2026-01-01 07:58:14',NULL),(118,'clover.peterbarnard@gmail.com','$2y$10$y1OW5i0e92w/PZMOD0CCwOsOjGMGXu7h6cTXEjngz6RJeD46wDLZ.','Peter',NULL,NULL,'BARNARD Peter',NULL,NULL,NULL,NULL,NULL,NULL,NULL,1,NULL,NULL,NULL,NULL,'none','user','internal',0,NULL,NULL,'active',0,0,6,'offline',NULL,'ja','ja',1,NULL,NULL,NULL,NULL,NULL,NULL,0,NULL,'2026-01-01 03:24:37','2026-01-01 07:58:14',NULL),(119,'clover.otamiyuki@gmail.com','$2y$10$XmEpM8GxOjOQX16iPMt5DuMHW.PS9eobZzkrWl.NkbofM2YHL0vBi','Miyuki',NULL,NULL,'太田みゆき',NULL,NULL,NULL,NULL,NULL,NULL,NULL,1,NULL,NULL,NULL,NULL,'none','user','internal',0,NULL,NULL,'active',0,0,6,'offline',NULL,'ja','ja',1,NULL,NULL,NULL,NULL,NULL,NULL,0,NULL,'2026-01-01 03:24:37','2026-01-01 07:58:14',NULL),(120,'clover.zhaomingzhu@gmail.com','$2y$10$4OdP3pkEJh4aAfJnarU5kuNhJS2gwoWTXLe3eLqKvNKx53Ywaq6H6','Mingzhu',NULL,NULL,'趙明珠',NULL,NULL,NULL,NULL,NULL,NULL,NULL,1,NULL,NULL,NULL,NULL,'none','user','internal',0,NULL,NULL,'active',0,0,6,'offline',NULL,'ja','ja',1,NULL,NULL,NULL,NULL,NULL,NULL,0,NULL,'2026-01-01 03:24:37','2026-01-01 07:58:14',NULL),(121,'clover.suzzie@gmail.com','$2y$10$7XHBxAkAzD2HFZdM5OBdQOWZmRuwbw3ys0J3Jgu2pXCn/BXBokQhq','Suzzie',NULL,NULL,'野呂彩菜',NULL,NULL,NULL,NULL,NULL,NULL,NULL,1,NULL,NULL,NULL,NULL,'none','user','internal',0,NULL,NULL,'active',0,0,6,'offline',NULL,'ja','ja',1,NULL,NULL,NULL,NULL,NULL,NULL,0,NULL,'2026-01-01 03:24:37','2026-01-01 07:58:14',NULL),(122,'clover.ebinamiharu@gmail.com','$2y$10$xC6VzQ9NkHWx2QumSaIVnOVPo0zBKIhERNS1Rje6d4LYGG5B413Hq','Miharu',NULL,NULL,'海老名未遥',NULL,NULL,NULL,NULL,NULL,NULL,NULL,1,NULL,NULL,NULL,NULL,'none','user','internal',0,NULL,NULL,'active',0,0,6,'offline',NULL,'ja','ja',1,NULL,NULL,NULL,NULL,NULL,NULL,0,NULL,'2026-01-01 03:24:38','2026-01-01 07:58:14',NULL),(123,'clover.oginumatomoko@gmail.com','$2y$10$//sfmJYvcULs3BbtQZbXiu7vhvWGJqk9j6XgCfIKWLU1vFyXD9fDi','Tomo',NULL,NULL,'荻沼智子',NULL,NULL,NULL,NULL,NULL,NULL,NULL,1,NULL,NULL,NULL,NULL,'none','user','internal',0,NULL,NULL,'active',0,0,6,'offline',NULL,'ja','ja',1,NULL,NULL,NULL,NULL,NULL,NULL,0,NULL,'2026-01-01 03:24:38','2026-01-01 07:58:14',NULL),(124,'clover.sanoye@gmail.com','$2y$10$pH8R9m.a3jY0JLP7TWqn/OHmD0JTzK8oBJBkF65Mb7xEsUW353AXm','Ye',NULL,NULL,'佐野いえ',NULL,NULL,NULL,NULL,NULL,NULL,NULL,1,NULL,NULL,NULL,NULL,'none','user','internal',0,NULL,NULL,'active',0,0,6,'offline',NULL,'ja','ja',1,NULL,NULL,NULL,NULL,NULL,NULL,0,NULL,'2026-01-01 03:24:38','2026-01-01 07:58:14',NULL),(125,'clover.hayashidakanako@gmail.com','$2y$10$Ez65Imxnas9VuqIFuWrY3.p0hYHisY52Ug6PnADLnL0SB1wzPESUy','Kanako',NULL,NULL,'林田佳奈子',NULL,NULL,NULL,NULL,NULL,NULL,NULL,1,NULL,NULL,NULL,NULL,'none','user','internal',0,NULL,NULL,'active',0,0,6,'offline',NULL,'ja','ja',1,NULL,NULL,NULL,NULL,NULL,NULL,0,NULL,'2026-01-01 03:24:38','2026-01-01 07:58:14',NULL),(126,'clover.beaarcangel@gmail.com','$2y$10$KKBbrATHkmpxKR.Z/ENRnOX3zzhjctlI3lkdOIO6/LltoqFe37jSy','Bea',NULL,NULL,'ARCANGEL Bea Carissa',NULL,NULL,NULL,NULL,NULL,NULL,NULL,1,NULL,NULL,NULL,NULL,'none','user','internal',0,NULL,NULL,'active',0,0,6,'offline',NULL,'ja','ja',1,NULL,NULL,NULL,NULL,NULL,NULL,0,NULL,'2026-01-01 03:24:38','2026-01-01 07:58:14',NULL),(127,'clover.toshiaki@gmail.com','$2y$10$JtfvD1BqncjWpik93vUkAedsJ8vK7gnmmiNHDTxD3t5BImILrCiMq','Toshi',NULL,NULL,'吉野寿昭',NULL,NULL,NULL,NULL,NULL,NULL,NULL,1,NULL,NULL,NULL,NULL,'none','org_admin','internal',0,NULL,NULL,'active',0,0,6,'offline',NULL,'ja','ja',1,NULL,NULL,NULL,NULL,NULL,NULL,0,NULL,'2026-01-01 03:24:38','2026-01-01 07:58:14',NULL),(128,'clover.vanessasanchez@gmail.com','$2y$10$T4WIiBOFD3nm.1KInoANT.ft2fVWMaSS5u0qGECc3flnPk3tF2CjO','Vanessa',NULL,NULL,'SANCHEZ Vanessa Anne',NULL,NULL,NULL,NULL,NULL,NULL,NULL,1,NULL,NULL,NULL,NULL,'none','user','internal',0,NULL,NULL,'active',0,0,6,'offline',NULL,'ja','ja',1,NULL,NULL,NULL,NULL,NULL,NULL,0,NULL,'2026-01-01 03:24:38','2026-01-01 07:58:14',NULL),(129,'clover.piaocyunai@gmail.com','$2y$10$BXR27b/Br6fOCQEfD/jkhOHdARLgq3NP6djFTeeLHw/349f/WrYH.','Chunai',NULL,NULL,'石竹春愛',NULL,NULL,NULL,NULL,NULL,NULL,NULL,1,NULL,NULL,NULL,NULL,'none','user','internal',0,NULL,NULL,'active',0,0,6,'offline',NULL,'ja','ja',1,NULL,NULL,NULL,NULL,NULL,NULL,0,NULL,'2026-01-01 03:24:38','2026-01-01 07:58:14',NULL),(130,'clover.fujiisanae@gmail.com','$2y$10$O7YXWN2nktHN.LLdaZMkW.WMfkdWvYZMS/Oi5ufLfHQ2zd74QnDnu','Sanae',NULL,NULL,'藤井早苗',NULL,NULL,NULL,NULL,NULL,NULL,NULL,1,NULL,NULL,NULL,NULL,'none','user','internal',0,NULL,NULL,'active',0,0,6,'offline',NULL,'ja','ja',1,NULL,NULL,NULL,NULL,NULL,NULL,0,NULL,'2026-01-01 03:24:38','2026-01-01 07:58:14',NULL),(131,'clover.sibatakyoko@gmail.com','$2y$10$41iLqwDuCYHXPEyBp2HYV.UkNnXCMgsJHboasvt.nT2734yFB8eA6','Kyoko',NULL,NULL,'柴田享子',NULL,NULL,NULL,NULL,NULL,NULL,NULL,1,NULL,NULL,NULL,NULL,'none','user','internal',0,NULL,NULL,'active',0,0,6,'offline',NULL,'ja','ja',1,NULL,NULL,NULL,NULL,NULL,NULL,0,NULL,'2026-01-01 03:24:39','2026-01-01 07:58:14',NULL),(132,'clover.megobregon@gmail.com','$2y$10$jnk2.dsTuotr4kzMnlind.v5LDnXSPc93DkJIqsA7QFh7GzseRq4S','Meg',NULL,NULL,'荒井恵実',NULL,NULL,NULL,NULL,NULL,NULL,NULL,1,NULL,NULL,NULL,NULL,'none','user','internal',0,NULL,NULL,'active',0,0,6,'offline',NULL,'ja','ja',1,NULL,NULL,NULL,NULL,NULL,NULL,0,NULL,'2026-01-01 03:24:39','2026-01-01 07:58:14',NULL),(133,'clover.kokuekayo@gmail.com','$2y$10$kDLUrQaaybgOl2vqD7OMdurD3u1vxlQrg7YHF25S7pxR8Y8VB0G42','Kayo',NULL,NULL,'小久江佳代',NULL,NULL,NULL,NULL,NULL,NULL,NULL,1,NULL,NULL,NULL,NULL,'none','user','internal',0,NULL,NULL,'active',0,0,6,'offline',NULL,'ja','ja',1,NULL,NULL,NULL,NULL,NULL,NULL,0,NULL,'2026-01-01 03:24:39','2026-01-01 07:58:14',NULL),(134,'clover.ohamamomoe@gmail.com','$2y$10$PalgyFF8Qtjq6rXjGZ9WD.WNfpCk9e2PbBL7/ZgrAuIXD0nsgMXQe','Momoe',NULL,NULL,'久保百恵',NULL,NULL,NULL,NULL,NULL,NULL,NULL,1,NULL,NULL,NULL,NULL,'none','user','internal',0,NULL,NULL,'active',0,0,6,'offline',NULL,'ja','ja',1,NULL,NULL,NULL,NULL,NULL,NULL,0,NULL,'2026-01-01 03:24:39','2026-01-01 07:58:14',NULL),(135,'clover.yamamotoharuka@gmail.com','$2y$10$HQ.N4reoHOgHjUk3vLJK/O6xGJ/I2CGevx0Hb4JU51ZcVIviRXNHC','Haruka',NULL,NULL,'山本はる香',NULL,NULL,NULL,NULL,NULL,NULL,NULL,1,NULL,NULL,NULL,NULL,'none','user','internal',0,NULL,NULL,'active',0,0,6,'offline',NULL,'ja','ja',1,NULL,NULL,NULL,NULL,NULL,NULL,0,NULL,'2026-01-01 03:24:39','2026-01-01 07:58:14',NULL),(136,'clover.christensonabigale@gmail.com','$2y$10$qn3ig8sT6DgppRy.JzjHzuMi4sTaLModwKHuSAIJhHSxl8qsIzKn.','Abigale',NULL,NULL,'Christenson Abigale',NULL,NULL,NULL,NULL,NULL,NULL,NULL,1,NULL,NULL,NULL,NULL,'none','user','internal',0,NULL,NULL,'active',0,0,6,'offline',NULL,'ja','ja',1,NULL,NULL,NULL,NULL,NULL,NULL,0,NULL,'2026-01-01 03:24:39','2026-01-01 07:58:14',NULL),(137,'clover.danielobrien@gmail.com','$2y$10$N9UBCG2l0mWIfASTie2xuubjKgP7YYHyiIS4kDOkrzRJZTBeXfIpa','Daniel',NULL,NULL,'Obrien Daniel',NULL,NULL,NULL,NULL,NULL,NULL,NULL,1,NULL,NULL,NULL,NULL,'none','user','internal',0,NULL,NULL,'active',0,0,6,'offline',NULL,'ja','ja',1,NULL,NULL,NULL,NULL,NULL,NULL,0,NULL,'2026-01-01 03:24:39','2026-01-01 07:58:14',NULL),(138,'clover.kubohide@gmail.com','$2y$10$e9vwEk5IU2Y24SaEai7alOHZ3cjWLEF7lfDctXYiusA4LP7tBHs/.','Hide',NULL,NULL,'久保ヒデケンユウジ',NULL,NULL,NULL,NULL,NULL,NULL,NULL,1,NULL,NULL,NULL,NULL,'none','user','internal',0,NULL,NULL,'active',0,0,6,'offline',NULL,'ja','ja',1,NULL,NULL,NULL,NULL,NULL,NULL,0,NULL,'2026-01-01 03:24:39','2026-01-01 07:58:14',NULL),(139,'clover.takakiyoshimi@gmail.com','$2y$10$LesNBhkgGatDNy/AaPaT/.tp/X65mobts9Ozn8KhqrNPBmuJQIw8G','Yumi',NULL,NULL,'高木由美',NULL,NULL,NULL,NULL,NULL,NULL,NULL,1,NULL,NULL,NULL,NULL,'none','user','internal',0,NULL,NULL,'active',0,0,6,'offline',NULL,'ja','ja',1,NULL,NULL,NULL,NULL,NULL,NULL,0,NULL,'2026-01-01 03:24:39','2026-01-01 07:58:14',NULL),(140,'hnk333@yahoo.co.jp','$2y$10$mqUDWAIvnjxHB5iKCTfDqOAZSz8vkwiqQfDVwUHGbafgvly.ldflG','Hidehiko',NULL,NULL,'川合英彦',NULL,NULL,NULL,NULL,NULL,NULL,NULL,1,NULL,NULL,NULL,NULL,'none','user','internal',0,NULL,NULL,'active',0,0,6,'offline',NULL,'ja','ja',1,NULL,NULL,NULL,NULL,NULL,NULL,0,NULL,'2026-01-01 03:24:40','2026-01-01 07:58:14',NULL),(141,'clover.hujiwaraakeno@gmail.com','$2y$10$TMruRMR/gOrbfW2Zh4hd1.wrcXhdcEDEefXBQuOKu2qWJkAcrfSRe','Akeno',NULL,NULL,'藤原朱乃',NULL,NULL,NULL,NULL,NULL,NULL,NULL,1,NULL,NULL,NULL,NULL,'none','user','internal',0,NULL,NULL,'active',0,0,6,'offline',NULL,'ja','ja',1,NULL,NULL,NULL,NULL,NULL,NULL,0,NULL,'2026-01-01 03:24:40','2026-01-01 07:58:14',NULL),(142,'clover.suzukihiroe@gmail.com','$2y$10$hFWSbYoNrklfIAuicD.uKe/8VvhE76ns5pLtgdRRJjnAVXtDq2lNG','Hiroe',NULL,NULL,'鈴木浩恵',NULL,NULL,NULL,NULL,NULL,NULL,NULL,1,NULL,NULL,NULL,NULL,'none','user','internal',0,NULL,NULL,'active',0,0,6,'offline',NULL,'ja','ja',1,NULL,NULL,NULL,NULL,NULL,NULL,0,NULL,'2026-01-01 03:24:40','2026-01-01 07:58:14',NULL),(143,'clover.akiyamayoshihisa@gmail.com','$2y$10$hyw8wMLIQa8h83zw5s4D/.YOTzYh7ksKEpG.KVfPalL7m1wtKaKeW','Aki-san (art/design)',NULL,NULL,'秋山芳久',NULL,NULL,NULL,NULL,NULL,NULL,NULL,1,NULL,NULL,NULL,NULL,'none','user','internal',0,NULL,NULL,'active',0,0,6,'offline',NULL,'ja','ja',1,NULL,NULL,NULL,NULL,NULL,NULL,0,NULL,'2026-01-01 03:24:40','2026-01-01 07:58:14',NULL),(144,'clover.tiankexin@gmail.com','$2y$10$EbBSRt4gOcP0QHfLSvYAy.GZm0R23vIdD69M3OEx8kZcWck1hDB5i','Minako',NULL,NULL,'田可心',NULL,NULL,NULL,NULL,NULL,NULL,NULL,1,NULL,NULL,NULL,NULL,'none','user','internal',0,NULL,NULL,'active',0,0,6,'offline',NULL,'ja','ja',1,NULL,NULL,NULL,NULL,NULL,NULL,0,NULL,'2026-01-01 03:24:40','2026-01-01 07:58:14',NULL),(145,'clover.tomoji1218@gmail.com','$2y$10$Xet6UJkKV7YwsrilcUFwDe/EX3fVmAeZys9XPvv/DAfZPznM8R4mO','Tomoji',NULL,NULL,'浦野友司',NULL,NULL,NULL,NULL,NULL,NULL,NULL,1,NULL,NULL,NULL,NULL,'none','user','internal',0,NULL,NULL,'active',0,0,6,'offline',NULL,'ja','ja',1,NULL,NULL,NULL,NULL,NULL,NULL,0,NULL,'2026-01-01 03:24:40','2026-01-01 07:58:14',NULL),(146,'clover.awamisako@gmail.com','$2y$10$9n9OL0H6slWvl72eY.XfyuIWLSlbdaVYSk6m6Mr2Ue7P8PEVszKQC','Misako',NULL,NULL,'阿波美沙子',NULL,NULL,NULL,NULL,NULL,NULL,NULL,1,NULL,NULL,NULL,NULL,'none','user','internal',0,NULL,NULL,'active',0,0,6,'offline',NULL,'ja','ja',1,NULL,NULL,NULL,NULL,NULL,NULL,0,NULL,'2026-01-01 03:24:40','2026-01-01 07:58:14',NULL),(147,'clover.senna0422@gmail.com','$2y$10$Eq9Cp2h0QAIcSDeMWf1DLejH04ti06qxBVG22SDhniwxoKc5PjFxe','Senna',NULL,NULL,'黒原千菜',NULL,NULL,NULL,NULL,NULL,NULL,NULL,1,NULL,NULL,NULL,NULL,'none','user','internal',0,NULL,NULL,'active',0,0,6,'offline',NULL,'ja','ja',1,NULL,NULL,NULL,NULL,NULL,NULL,0,NULL,'2026-01-01 03:24:40','2026-01-01 07:58:14',NULL),(148,'clover.lingling0218@gmail.com','$2y$10$sTRbGZo3Zr2b7WB.6p0MH.v9UvatVZveWuLsHcYg3rBZo/x.maVy.','Lingling',NULL,NULL,'銭玲玲',NULL,NULL,NULL,NULL,NULL,NULL,NULL,1,NULL,NULL,NULL,NULL,'none','user','internal',0,NULL,NULL,'active',0,0,6,'offline',NULL,'ja','ja',1,NULL,NULL,NULL,NULL,NULL,NULL,0,NULL,'2026-01-01 03:24:40','2026-01-01 07:58:14',NULL),(149,'clover.liufengling0813@gmail.com','$2y$10$EwgMpVq0LgvNOwI6NU9erO5UWx3cs.BHpSxSw1OdQbYH5fuKBGBc2','Liu',NULL,NULL,'劉豐玲',NULL,NULL,NULL,NULL,NULL,NULL,NULL,1,NULL,NULL,NULL,NULL,'none','user','internal',0,NULL,NULL,'active',0,0,6,'offline',NULL,'ja','ja',1,NULL,NULL,NULL,NULL,NULL,NULL,0,NULL,'2026-01-01 03:24:40','2026-01-01 07:58:14',NULL),(150,'clover.osamu0407@gmail.com','$2y$10$qy0/hzjfgxp107GSqepHwOcYFwCNLRR1I7Z85K.m7AkudTdp5mmS2','Osamu',NULL,NULL,'齊藤修',NULL,NULL,NULL,NULL,NULL,NULL,NULL,1,NULL,NULL,NULL,NULL,'none','user','internal',0,NULL,NULL,'active',0,0,6,'offline',NULL,'ja','ja',1,NULL,NULL,NULL,NULL,NULL,NULL,0,NULL,'2026-01-01 03:24:41','2026-01-01 07:58:14',NULL),(151,'clover.chikako0303@gmail.com','$2y$10$8OOcXEdmWfKCpGvEalBA1ucbk2U3uokVNWHcLOxqXnsNHSfaYMZI6','Chikako',NULL,NULL,'白井誓子',NULL,NULL,NULL,NULL,NULL,NULL,NULL,1,NULL,NULL,NULL,NULL,'none','user','internal',0,NULL,NULL,'active',0,0,6,'offline',NULL,'ja','ja',1,NULL,NULL,NULL,NULL,NULL,NULL,0,NULL,'2026-01-01 03:24:41','2026-01-01 07:58:14',NULL),(152,'clover.ayako0106@gmail.com','$2y$10$XvNe4MeWpUnRXsakdtOqh.rU5LyNiP0.CyWK2skXCKXBvIJsU6pM2','Ayako',NULL,NULL,'岡田彩子',NULL,NULL,NULL,NULL,NULL,NULL,NULL,1,NULL,NULL,NULL,NULL,'none','user','internal',0,NULL,NULL,'active',0,0,6,'offline',NULL,'ja','ja',1,NULL,NULL,NULL,NULL,NULL,NULL,0,NULL,'2026-01-01 03:24:41','2026-01-01 07:58:14',NULL),(153,'clover.morieriko@gmail.com','$2y$10$uJ4cZNXFMqcXYa7FjDQhvOdTvtnLeXuh.Sl8hyH3f7RSftQ0jSYQW','Eriko',NULL,NULL,'森絵里子',NULL,NULL,NULL,NULL,NULL,NULL,NULL,1,NULL,NULL,NULL,NULL,'none','user','internal',0,NULL,NULL,'active',0,0,6,'offline',NULL,'ja','ja',1,NULL,NULL,NULL,NULL,NULL,NULL,0,NULL,'2026-01-01 03:24:41','2026-01-01 07:58:14',NULL),(154,'clover.ziwei1010@gmail.com','$2y$10$R81woe.jC3JsWVmTctnncecwbQVeRO/S8KM1ZIDLIWbchHPNWc.em','Ziwei',NULL,NULL,'劉紫薇',NULL,NULL,NULL,NULL,NULL,NULL,NULL,1,NULL,NULL,NULL,NULL,'none','user','internal',0,NULL,NULL,'active',0,0,6,'offline',NULL,'ja','ja',1,NULL,NULL,NULL,NULL,NULL,NULL,0,NULL,'2026-01-01 03:24:41','2026-01-01 07:58:14',NULL),(155,'clover.noxolo0706@gmail.com','$2y$10$eHZtFUdcXnPVg/CD/cKph.gNWGB827pXH0KTMxx775ByVNaacOjy6','Nox',NULL,NULL,'Qwabe Noxolo',NULL,NULL,NULL,NULL,NULL,NULL,NULL,1,NULL,NULL,NULL,NULL,'none','user','internal',0,NULL,NULL,'active',0,0,6,'offline',NULL,'ja','ja',1,NULL,NULL,NULL,NULL,NULL,NULL,0,NULL,'2026-01-01 03:24:41','2026-01-01 07:58:14',NULL),(156,'clover.adelina123@gmail.com','$2y$10$vAUzmC1lBW5pjn0OCNQAZeB4UvVCkAnWoyymy0MOnNPj8KWUluPWy','Adelina',NULL,NULL,'Somuah Adelina',NULL,NULL,NULL,NULL,NULL,NULL,NULL,1,NULL,NULL,NULL,NULL,'none','user','internal',0,NULL,NULL,'active',0,0,6,'offline',NULL,'ja','ja',1,NULL,NULL,NULL,NULL,NULL,NULL,0,NULL,'2026-01-01 03:24:41','2026-01-01 07:58:14',NULL),(157,'masanobu1956peacelove@gmail.com','$2y$10$3ABedaurUFHo06BaluMQiuEa.HzrhclK.UosfDsyKnPKT4l/xHmEm','Masa',NULL,NULL,'大津政信',NULL,NULL,NULL,NULL,NULL,NULL,NULL,1,NULL,NULL,NULL,NULL,'none','user','internal',0,NULL,NULL,'active',0,0,6,'offline',NULL,'ja','ja',1,NULL,NULL,NULL,NULL,NULL,NULL,0,NULL,'2026-01-01 03:24:41','2026-01-01 07:58:14',NULL),(158,'clover.reyesalvin@gmail.com','$2y$10$b9DPREiSs2HD.lJCUkoM0Oo6cbltPl5t8q51zsWd4ehXoWTx2/Iem','Alvin',NULL,NULL,'REYES ALVIN',NULL,NULL,NULL,NULL,NULL,NULL,NULL,1,NULL,NULL,NULL,NULL,'none','user','internal',0,NULL,NULL,'active',0,0,6,'offline',NULL,'ja','ja',1,NULL,NULL,NULL,NULL,NULL,NULL,0,NULL,'2026-01-01 03:24:41','2026-01-01 07:58:14',NULL),(159,'clover.santiagoroderick@gmail.com','$2y$10$.DjCEfrYhZ1qW61f/b/dwONWUEIKUsX/m7xJlvakDVc5.XfJq1MeW','Rod',NULL,NULL,'SANTIAGO RODERICK',NULL,NULL,NULL,NULL,NULL,NULL,NULL,1,NULL,NULL,NULL,NULL,'none','user','internal',0,NULL,NULL,'active',0,0,6,'offline',NULL,'ja','ja',1,NULL,NULL,NULL,NULL,NULL,NULL,0,NULL,'2026-01-01 03:24:42','2026-01-01 07:58:14',NULL),(160,'clover.fernandojennie@gmail.com','$2y$10$9epV6MEXSPpz940KgTojxune.RbI7Q9fqQUUZddfuQ.F3vrta/KfO','Jennie',NULL,NULL,'FERNANDO JENNIE MAE',NULL,NULL,NULL,NULL,NULL,NULL,NULL,1,NULL,NULL,NULL,NULL,'none','user','internal',0,NULL,NULL,'active',0,0,6,'offline',NULL,'ja','ja',1,NULL,NULL,NULL,NULL,NULL,NULL,0,NULL,'2026-01-01 03:24:42','2026-01-01 07:58:14',NULL),(161,'clover.calibosojirehlyn@gmail.com','$2y$10$hGJr8gDlrM/h.IxhVAYJGOfyZesSDM2JBJj4smYpWFJeAlk7wU4iW','Jireh',NULL,NULL,'CALIBOSO JIREHLYN EZRA',NULL,NULL,NULL,NULL,NULL,NULL,NULL,1,NULL,NULL,NULL,NULL,'none','user','internal',0,NULL,NULL,'active',0,0,6,'offline',NULL,'ja','ja',1,NULL,NULL,NULL,NULL,NULL,NULL,0,NULL,'2026-01-01 03:24:42','2026-01-01 07:58:14',NULL),(162,'clover.hitomi0501@gmail.com','$2y$10$.huLaKqQCmUlpRANSFma5.OxWhxUvXH04GarIOAfIcput4OdyPhIi','Hitomi',NULL,NULL,'北村仁美',NULL,NULL,NULL,NULL,NULL,NULL,NULL,1,NULL,NULL,NULL,NULL,'none','user','internal',0,NULL,NULL,'active',0,0,6,'offline',NULL,'ja','ja',1,NULL,NULL,NULL,NULL,NULL,NULL,0,NULL,'2026-01-01 03:24:42','2026-01-01 07:58:14',NULL),(163,'clover.bekiaba0923@gmail.com','$2y$10$mM3IKxzx7TV4Lvy6/Kh4hOTIYKZH/AYDyHZFESfGef9HPYoU4a5se','Becky',NULL,NULL,'BEKIABA RELINIE LEMNWIE',NULL,NULL,NULL,NULL,NULL,NULL,NULL,1,NULL,NULL,NULL,NULL,'none','user','internal',0,NULL,NULL,'active',0,0,6,'offline',NULL,'ja','ja',1,NULL,NULL,NULL,NULL,NULL,NULL,0,NULL,'2026-01-01 03:24:42','2026-01-01 07:58:14',NULL),(164,'clover.tomoko0401@gmail.com','$2y$10$C.V2OOzcFo6rsZ6DoXmHKevPrR2JFIBe0udGBAAxi4QWqPSm1pN8G','Tomoko',NULL,NULL,'百合草知子',NULL,NULL,NULL,NULL,NULL,NULL,NULL,1,NULL,NULL,NULL,NULL,'none','user','internal',0,NULL,NULL,'active',0,0,6,'offline',NULL,'ja','ja',1,NULL,NULL,NULL,NULL,NULL,NULL,0,NULL,'2026-01-01 03:24:42','2026-01-01 07:58:14',NULL),(165,'clover.jiating0729@gmail.com','$2y$10$YPwBR8fZpGTrVtg56a/Ph.gozSRwlADcK5b1wXyNeQ2FE6z5I6z06','Jia',NULL,NULL,'劉佳婷',NULL,NULL,NULL,NULL,NULL,NULL,NULL,1,NULL,NULL,NULL,NULL,'none','user','internal',0,NULL,NULL,'active',0,0,6,'offline',NULL,'ja','ja',1,NULL,NULL,NULL,NULL,NULL,NULL,0,NULL,'2026-01-01 03:24:42','2026-01-01 07:58:14',NULL),(166,'clover.minami0713@gmail.com','$2y$10$6HCt6hhML6uenHkjZns/HOob3GoYNnr8dHc7nRlm9Oe96q04A9tnW','Minami',NULL,NULL,'牧野美波',NULL,NULL,NULL,NULL,NULL,NULL,NULL,1,NULL,NULL,NULL,NULL,'none','user','internal',0,NULL,NULL,'active',0,0,6,'offline',NULL,'ja','ja',1,NULL,NULL,NULL,NULL,NULL,NULL,0,NULL,'2026-01-01 03:24:42','2026-01-01 07:58:14',NULL),(167,'clover.jay0325@gmail.com','$2y$10$hfrVSExo8OjyAnyLbSJU0OeRurhkX/fFx7WGEhRJWYBNpXfkbpIRW','Jay',NULL,NULL,'FLORALDE JAY',NULL,NULL,NULL,NULL,NULL,NULL,NULL,1,NULL,NULL,NULL,NULL,'none','user','internal',0,NULL,NULL,'active',0,0,6,'offline',NULL,'ja','ja',1,NULL,NULL,NULL,NULL,NULL,NULL,0,NULL,'2026-01-01 03:24:42','2026-01-01 07:58:14',NULL),(168,'clover.selina0122@gmail.com','$2y$10$C3aryasI.KhMZ99JmBrB7uh.kiUxBC27EZGe0XQpkJlDvHDavP4Wq','Serina',NULL,NULL,'黒原芹菜',NULL,NULL,NULL,NULL,NULL,NULL,NULL,1,NULL,NULL,NULL,NULL,'none','user','internal',0,NULL,NULL,'active',0,0,6,'offline',NULL,'ja','ja',1,NULL,NULL,NULL,NULL,NULL,NULL,0,NULL,'2026-01-01 03:24:42','2026-01-01 07:58:14',NULL),(169,'clover.rainard0105@gmail.com','$2y$10$dsD7zCaMZuINF5QfikHiDeRGRb6ucW1iAe3IL7RXDRY56QPmzFhAi','Rainard',NULL,NULL,'Ramos Rainard',NULL,NULL,NULL,NULL,NULL,NULL,NULL,1,NULL,NULL,NULL,NULL,'none','user','internal',0,NULL,NULL,'active',0,0,6,'offline',NULL,'ja','ja',1,NULL,NULL,NULL,NULL,NULL,NULL,0,NULL,'2026-01-01 03:24:43','2026-01-01 07:58:14',NULL),(170,'kozue.march.814@gmail.com','$2y$10$Ziey3rUeJJznkIjyQktlgeEGL/MXAVCJ4fEs3PuebZ/CAhoklttby','Kozue',NULL,NULL,'河野小津枝',NULL,NULL,NULL,NULL,NULL,NULL,NULL,1,NULL,NULL,NULL,NULL,'none','user','internal',0,NULL,NULL,'active',0,0,6,'offline',NULL,'ja','ja',1,NULL,NULL,NULL,NULL,NULL,NULL,0,NULL,'2026-01-01 03:24:43','2026-01-01 07:58:14',NULL),(171,'clover.yue0625@gmail.com','$2y$10$d.HiukhuTL1sEbncokwzPe0KjRTc5duo1qgJGLoKcnaYUcY5P/SYa','Yue Yang',NULL,NULL,'殷悦',NULL,NULL,NULL,NULL,NULL,NULL,NULL,1,NULL,NULL,NULL,NULL,'none','user','internal',0,NULL,NULL,'active',0,0,6,'offline',NULL,'ja','ja',1,NULL,NULL,NULL,NULL,NULL,NULL,0,NULL,'2026-01-01 03:24:43','2026-01-01 07:58:14',NULL),(172,'clover.sachiko0818@gmail.com','$2y$10$nTHxZhoJSi0tBc1R27fwcOb3hmvNqDJJ.IphwRFlQimwwAAZPBoMS','Sachiko',NULL,NULL,'榊原幸子',NULL,NULL,NULL,NULL,NULL,NULL,NULL,1,NULL,NULL,NULL,NULL,'none','user','internal',0,NULL,NULL,'active',0,0,6,'offline',NULL,'ja','ja',1,NULL,NULL,NULL,NULL,NULL,NULL,0,NULL,'2026-01-01 03:24:43','2026-01-01 07:58:14',NULL),(173,'clover.budiman1206@gmail.com','$2y$10$w3..zqmeF4IeNitIeYUryuPzRIMnsRa0gZx.T0YpZbUUf0qLtNP7.','Budiman',NULL,NULL,'BUDIMAN',NULL,NULL,NULL,NULL,NULL,NULL,NULL,1,NULL,NULL,NULL,NULL,'none','user','internal',0,NULL,NULL,'active',0,0,6,'offline',NULL,'ja','ja',1,NULL,NULL,NULL,NULL,NULL,NULL,0,NULL,'2026-01-01 03:24:43','2026-01-01 07:58:14',NULL);
/*!40000 ALTER TABLE `users` ENABLE KEYS */;
UNLOCK TABLES;

--
-- Dumping data for table `organizations`
--

LOCK TABLES `organizations` WRITE;
/*!40000 ALTER TABLE `organizations` DISABLE KEYS */;
INSERT INTO `organizations` (`id`, `name`, `name_en`, `name_zh`, `type`, `description`, `description_en`, `description_zh`, `icon_path`, `default_member_role`, `require_admin_approval`, `created_by`, `logo_path`, `website`, `owner_id`, `is_verified`, `verified_at`, `created_at`, `updated_at`) VALUES (6,'Clover International',NULL,NULL,'corporation','Operating company',NULL,NULL,NULL,'member',0,NULL,NULL,NULL,6,1,'2026-01-01 06:56:05','2026-01-01 06:56:05','2026-01-01 06:56:05'),(7,'Nara Family',NULL,NULL,'family','奈良健太郎\n奈良さよ子\n奈良朔',NULL,NULL,NULL,'member',0,6,NULL,'',6,0,NULL,'2026-01-01 07:26:34','2026-01-01 08:08:42');
/*!40000 ALTER TABLE `organizations` ENABLE KEYS */;
UNLOCK TABLES;

--
-- Dumping data for table `organization_members`
--

LOCK TABLES `organization_members` WRITE;
/*!40000 ALTER TABLE `organization_members` DISABLE KEYS */;
INSERT INTO `organization_members` (`id`, `organization_id`, `user_id`, `role`, `member_type`, `external_contact`, `call_restriction`, `file_send_allowed`, `usage_start_time`, `usage_end_time`, `daily_limit_minutes`, `can_view_messages`, `can_view_online`, `can_view_contacts`, `joined_at`, `left_at`) VALUES (1,2,11,'owner','internal','allow','allow',1,NULL,NULL,NULL,0,1,1,'2025-12-28 10:50:10',NULL),(2,2,12,'admin','internal','allow','allow',1,NULL,NULL,NULL,0,1,1,'2025-12-28 10:50:10',NULL),(3,2,14,'member','internal','allow','allow',1,NULL,NULL,NULL,0,1,1,'2025-12-28 10:50:10',NULL),(4,3,12,'owner','internal','allow','allow',1,NULL,NULL,NULL,0,1,1,'2025-12-28 10:50:10',NULL),(5,3,13,'restricted','internal','approved','approved',1,NULL,NULL,NULL,0,1,1,'2025-12-28 10:50:10',NULL),(6,3,15,'restricted','internal','approved','approved',1,NULL,NULL,NULL,0,1,1,'2025-12-28 10:50:10',NULL),(7,4,11,'owner','internal','allow','allow',1,NULL,NULL,NULL,0,1,1,'2025-12-28 10:50:48',NULL),(8,4,12,'admin','internal','allow','allow',1,NULL,NULL,NULL,0,1,1,'2025-12-28 10:50:48',NULL),(9,4,14,'member','internal','allow','allow',1,NULL,NULL,NULL,0,1,1,'2025-12-28 10:50:48',NULL),(10,5,12,'owner','internal','allow','allow',1,NULL,NULL,NULL,0,1,1,'2025-12-28 10:50:48',NULL),(11,5,13,'restricted','internal','approved','approved',1,NULL,NULL,NULL,0,1,1,'2025-12-28 10:50:48',NULL),(12,5,15,'restricted','internal','approved','approved',1,NULL,NULL,NULL,0,1,1,'2025-12-28 10:50:48',NULL),(13,6,1,'admin','internal','allow','allow',1,NULL,NULL,NULL,0,1,1,'2026-01-01 08:06:55',NULL),(14,6,5,'member','internal','allow','allow',1,NULL,NULL,NULL,0,1,1,'2026-01-01 08:06:55',NULL),(15,6,6,'admin','internal','allow','allow',1,NULL,NULL,NULL,0,1,1,'2026-01-01 08:06:55',NULL),(16,6,7,'member','internal','allow','allow',1,NULL,NULL,NULL,0,1,1,'2026-01-01 08:06:55',NULL),(17,6,8,'member','internal','allow','allow',1,NULL,NULL,NULL,0,1,1,'2026-01-01 08:06:55',NULL),(18,6,9,'admin','internal','allow','allow',1,NULL,NULL,NULL,0,1,1,'2026-01-01 08:06:55',NULL),(19,6,10,'member','internal','allow','allow',1,NULL,NULL,NULL,0,1,1,'2026-01-01 08:06:55',NULL),(20,6,63,'member','internal','allow','allow',1,NULL,NULL,NULL,0,1,1,'2026-01-01 08:06:55',NULL),(21,6,70,'member','internal','allow','allow',1,NULL,NULL,NULL,0,1,1,'2026-01-01 08:06:55',NULL),(22,6,72,'member','external','allow','allow',1,NULL,NULL,NULL,0,1,1,'2026-01-01 08:06:55',NULL),(23,6,73,'member','external','allow','allow',1,NULL,NULL,NULL,0,1,1,'2026-01-01 08:06:55',NULL),(24,6,74,'member','external','allow','allow',1,NULL,NULL,NULL,0,1,1,'2026-01-01 08:06:55',NULL),(25,6,78,'member','external','allow','allow',1,NULL,NULL,NULL,0,1,1,'2026-01-01 08:06:55',NULL),(26,6,80,'member','external','allow','allow',1,NULL,NULL,NULL,0,1,1,'2026-01-01 08:06:55',NULL),(27,6,86,'member','internal','allow','allow',1,NULL,NULL,NULL,0,1,1,'2026-01-01 08:06:55',NULL),(28,6,89,'member','internal','allow','allow',1,NULL,NULL,NULL,0,1,1,'2026-01-01 08:06:55',NULL),(29,6,91,'member','internal','allow','allow',1,NULL,NULL,NULL,0,1,1,'2026-01-01 08:06:55',NULL),(30,6,92,'member','internal','allow','allow',1,NULL,NULL,NULL,0,1,1,'2026-01-01 08:06:55',NULL),(31,6,94,'member','internal','allow','allow',1,NULL,NULL,NULL,0,1,1,'2026-01-01 08:06:55',NULL),(32,6,99,'member','internal','allow','allow',1,NULL,NULL,NULL,0,1,1,'2026-01-01 08:06:55',NULL),(33,6,100,'member','internal','allow','allow',1,NULL,NULL,NULL,0,1,1,'2026-01-01 08:06:55',NULL),(34,6,101,'member','internal','allow','allow',1,NULL,NULL,NULL,0,1,1,'2026-01-01 08:06:56',NULL),(35,6,102,'member','internal','allow','allow',1,NULL,NULL,NULL,0,1,1,'2026-01-01 08:06:56',NULL),(36,6,105,'member','internal','allow','allow',1,NULL,NULL,NULL,0,1,1,'2026-01-01 08:06:56',NULL),(37,6,106,'member','external','allow','allow',1,NULL,NULL,NULL,0,1,1,'2026-01-01 08:06:56',NULL),(38,6,107,'member','external','allow','allow',1,NULL,NULL,NULL,0,1,1,'2026-01-01 08:06:56',NULL),(39,6,109,'member','internal','allow','allow',1,NULL,NULL,NULL,0,1,1,'2026-01-01 08:06:56',NULL),(40,6,110,'member','external','allow','allow',1,NULL,NULL,NULL,0,1,1,'2026-01-01 08:06:56',NULL),(41,6,111,'member','external','allow','allow',1,NULL,NULL,NULL,0,1,1,'2026-01-01 08:06:56',NULL),(42,6,112,'member','internal','allow','allow',1,NULL,NULL,NULL,0,1,1,'2026-01-01 08:06:56',NULL),(43,6,113,'member','internal','allow','allow',1,NULL,NULL,NULL,0,1,1,'2026-01-01 08:06:56',NULL),(44,6,114,'member','external','allow','allow',1,NULL,NULL,NULL,0,1,1,'2026-01-01 08:06:56',NULL),(45,6,115,'member','internal','allow','allow',1,NULL,NULL,NULL,0,1,1,'2026-01-01 08:06:56',NULL),(46,6,116,'member','internal','allow','allow',1,NULL,NULL,NULL,0,1,1,'2026-01-01 08:06:56',NULL),(47,6,117,'member','internal','allow','allow',1,NULL,NULL,NULL,0,1,1,'2026-01-01 08:06:56',NULL),(48,6,118,'member','internal','allow','allow',1,NULL,NULL,NULL,0,1,1,'2026-01-01 08:06:56',NULL),(49,6,119,'member','internal','allow','allow',1,NULL,NULL,NULL,0,1,1,'2026-01-01 08:06:56',NULL),(50,6,120,'member','internal','allow','allow',1,NULL,NULL,NULL,0,1,1,'2026-01-01 08:06:56',NULL),(51,6,121,'member','internal','allow','allow',1,NULL,NULL,NULL,0,1,1,'2026-01-01 08:06:56',NULL),(52,6,122,'member','internal','allow','allow',1,NULL,NULL,NULL,0,1,1,'2026-01-01 08:06:56',NULL),(53,6,123,'member','internal','allow','allow',1,NULL,NULL,NULL,0,1,1,'2026-01-01 08:06:56',NULL),(54,6,124,'member','internal','allow','allow',1,NULL,NULL,NULL,0,1,1,'2026-01-01 08:06:56',NULL),(55,6,125,'member','internal','allow','allow',1,NULL,NULL,NULL,0,1,1,'2026-01-01 08:06:56',NULL),(56,6,126,'member','internal','allow','allow',1,NULL,NULL,NULL,0,1,1,'2026-01-01 08:06:56',NULL),(57,6,127,'admin','internal','allow','allow',1,NULL,NULL,NULL,0,1,1,'2026-01-01 08:06:56',NULL),(58,6,128,'member','internal','allow','allow',1,NULL,NULL,NULL,0,1,1,'2026-01-01 08:06:56',NULL),(59,6,129,'member','internal','allow','allow',1,NULL,NULL,NULL,0,1,1,'2026-01-01 08:06:56',NULL),(60,6,130,'member','internal','allow','allow',1,NULL,NULL,NULL,0,1,1,'2026-01-01 08:06:56',NULL),(61,6,131,'member','internal','allow','allow',1,NULL,NULL,NULL,0,1,1,'2026-01-01 08:06:56',NULL),(62,6,132,'member','internal','allow','allow',1,NULL,NULL,NULL,0,1,1,'2026-01-01 08:06:56',NULL),(63,6,133,'member','internal','allow','allow',1,NULL,NULL,NULL,0,1,1,'2026-01-01 08:06:56',NULL),(64,6,134,'member','internal','allow','allow',1,NULL,NULL,NULL,0,1,1,'2026-01-01 08:06:56',NULL),(65,6,135,'member','internal','allow','allow',1,NULL,NULL,NULL,0,1,1,'2026-01-01 08:06:56',NULL),(66,6,136,'member','internal','allow','allow',1,NULL,NULL,NULL,0,1,1,'2026-01-01 08:06:56',NULL),(67,6,137,'member','internal','allow','allow',1,NULL,NULL,NULL,0,1,1,'2026-01-01 08:06:56',NULL),(68,6,138,'member','internal','allow','allow',1,NULL,NULL,NULL,0,1,1,'2026-01-01 08:06:56',NULL),(69,6,139,'member','internal','allow','allow',1,NULL,NULL,NULL,0,1,1,'2026-01-01 08:06:56',NULL),(70,6,140,'member','internal','allow','allow',1,NULL,NULL,NULL,0,1,1,'2026-01-01 08:06:56',NULL),(71,6,141,'member','internal','allow','allow',1,NULL,NULL,NULL,0,1,1,'2026-01-01 08:06:56',NULL),(72,6,142,'member','internal','allow','allow',1,NULL,NULL,NULL,0,1,1,'2026-01-01 08:06:56',NULL),(73,6,143,'member','internal','allow','allow',1,NULL,NULL,NULL,0,1,1,'2026-01-01 08:06:56',NULL),(74,6,144,'member','internal','allow','allow',1,NULL,NULL,NULL,0,1,1,'2026-01-01 08:06:56',NULL),(75,6,145,'member','internal','allow','allow',1,NULL,NULL,NULL,0,1,1,'2026-01-01 08:06:56',NULL),(76,6,146,'member','internal','allow','allow',1,NULL,NULL,NULL,0,1,1,'2026-01-01 08:06:56',NULL),(77,6,147,'member','internal','allow','allow',1,NULL,NULL,NULL,0,1,1,'2026-01-01 08:06:56',NULL),(78,6,148,'member','internal','allow','allow',1,NULL,NULL,NULL,0,1,1,'2026-01-01 08:06:56',NULL),(79,6,149,'member','internal','allow','allow',1,NULL,NULL,NULL,0,1,1,'2026-01-01 08:06:56',NULL),(80,6,150,'member','internal','allow','allow',1,NULL,NULL,NULL,0,1,1,'2026-01-01 08:06:56',NULL),(81,6,151,'member','internal','allow','allow',1,NULL,NULL,NULL,0,1,1,'2026-01-01 08:06:56',NULL),(82,6,152,'member','internal','allow','allow',1,NULL,NULL,NULL,0,1,1,'2026-01-01 08:06:56',NULL),(83,6,153,'member','internal','allow','allow',1,NULL,NULL,NULL,0,1,1,'2026-01-01 08:06:56',NULL),(84,6,154,'member','internal','allow','allow',1,NULL,NULL,NULL,0,1,1,'2026-01-01 08:06:56',NULL),(85,6,155,'member','internal','allow','allow',1,NULL,NULL,NULL,0,1,1,'2026-01-01 08:06:56',NULL),(86,6,156,'member','internal','allow','allow',1,NULL,NULL,NULL,0,1,1,'2026-01-01 08:06:56',NULL),(87,6,157,'member','internal','allow','allow',1,NULL,NULL,NULL,0,1,1,'2026-01-01 08:06:56',NULL),(88,6,158,'member','internal','allow','allow',1,NULL,NULL,NULL,0,1,1,'2026-01-01 08:06:56',NULL),(89,6,159,'member','internal','allow','allow',1,NULL,NULL,NULL,0,1,1,'2026-01-01 08:06:56',NULL),(90,6,160,'member','internal','allow','allow',1,NULL,NULL,NULL,0,1,1,'2026-01-01 08:06:56',NULL),(91,6,161,'member','internal','allow','allow',1,NULL,NULL,NULL,0,1,1,'2026-01-01 08:06:56',NULL),(92,6,162,'member','internal','allow','allow',1,NULL,NULL,NULL,0,1,1,'2026-01-01 08:06:56',NULL),(93,6,163,'member','internal','allow','allow',1,NULL,NULL,NULL,0,1,1,'2026-01-01 08:06:56',NULL),(94,6,164,'member','internal','allow','allow',1,NULL,NULL,NULL,0,1,1,'2026-01-01 08:06:56',NULL),(95,6,165,'member','internal','allow','allow',1,NULL,NULL,NULL,0,1,1,'2026-01-01 08:06:56',NULL),(96,6,166,'member','internal','allow','allow',1,NULL,NULL,NULL,0,1,1,'2026-01-01 08:06:56',NULL),(97,6,167,'member','internal','allow','allow',1,NULL,NULL,NULL,0,1,1,'2026-01-01 08:06:56',NULL),(98,6,168,'member','internal','allow','allow',1,NULL,NULL,NULL,0,1,1,'2026-01-01 08:06:56',NULL),(99,6,169,'member','internal','allow','allow',1,NULL,NULL,NULL,0,1,1,'2026-01-01 08:06:56',NULL),(100,6,170,'member','internal','allow','allow',1,NULL,NULL,NULL,0,1,1,'2026-01-01 08:06:56',NULL),(101,6,171,'member','internal','allow','allow',1,NULL,NULL,NULL,0,1,1,'2026-01-01 08:06:56',NULL),(102,6,172,'member','internal','allow','allow',1,NULL,NULL,NULL,0,1,1,'2026-01-01 08:06:56',NULL),(103,6,173,'member','internal','allow','allow',1,NULL,NULL,NULL,0,1,1,'2026-01-01 08:06:56',NULL),(104,7,6,'admin','internal','allow','allow',1,NULL,NULL,NULL,0,1,1,'2026-01-01 08:07:53',NULL);
/*!40000 ALTER TABLE `organization_members` ENABLE KEYS */;
UNLOCK TABLES;

--
-- Dumping data for table `conversations`
--

LOCK TABLES `conversations` WRITE;
/*!40000 ALTER TABLE `conversations` DISABLE KEYS */;
INSERT INTO `conversations` (`id`, `type`, `name`, `name_en`, `name_zh`, `description`, `description_en`, `description_zh`, `icon_path`, `organization_id`, `invite_code`, `icon`, `is_organization`, `is_public`, `invite_link`, `created_by`, `created_at`, `updated_at`) VALUES (1,'group','アプリ開発','App Development','应用开发','Social9アプリ開発チームのグループです。修正ボタン実装。',NULL,NULL,NULL,6,NULL,NULL,0,0,NULL,6,'2025-12-24 01:45:03','2026-01-04 23:37:36'),(4,'dm',NULL,NULL,NULL,NULL,NULL,NULL,NULL,NULL,NULL,NULL,0,0,NULL,6,'2025-12-24 01:45:03','2025-12-30 14:40:25'),(5,'dm',NULL,NULL,NULL,NULL,NULL,NULL,NULL,NULL,NULL,NULL,0,0,NULL,9,'2025-12-24 01:45:03','2025-12-24 01:45:03'),(6,'dm',NULL,NULL,NULL,NULL,NULL,NULL,NULL,NULL,NULL,NULL,0,0,NULL,NULL,'2025-12-28 10:50:10','2025-12-28 10:50:10'),(8,'dm',NULL,NULL,NULL,NULL,NULL,NULL,NULL,NULL,NULL,NULL,0,0,NULL,NULL,'2025-12-28 10:50:48','2025-12-28 10:50:48'),(10,'group','社内便','In-house delivery','内部邮件',NULL,NULL,NULL,NULL,6,NULL,NULL,0,0,NULL,6,'2026-01-01 03:52:42','2026-01-04 23:34:37'),(11,'group','CC 学童運営委員会','CC Gakudo Committee','CC课后管理委员会',NULL,NULL,NULL,NULL,6,NULL,NULL,0,0,NULL,6,'2026-01-01 03:52:42','2026-01-04 23:34:37'),(12,'group','労務','Labor Service','劳动',NULL,NULL,NULL,NULL,6,NULL,NULL,0,0,NULL,6,'2026-01-01 03:52:42','2026-01-04 23:34:37'),(13,'group','バス運営','Bus Operation','公交车运营',NULL,NULL,NULL,NULL,6,NULL,NULL,0,0,NULL,6,'2026-01-01 03:52:42','2026-01-04 23:34:37'),(14,'group','会計再構築','Accounting Restructuring','会计重组',NULL,NULL,NULL,NULL,6,NULL,NULL,0,0,NULL,6,'2026-01-01 03:52:42','2026-01-04 23:34:37'),(15,'group','沼田社労士⇔クローバー','Numata Social Insurance Labor Attorney ⇔ Clover','沼田社会保险劳动律师 ⇔ Clover',NULL,NULL,NULL,NULL,6,NULL,NULL,0,0,NULL,6,'2026-01-01 03:52:42','2026-01-04 23:34:37'),(16,'group','山田会計⇔クローバー会計','Yamada Accounting ⇔ Clover Accounting','山田会计 ⇔ Clover会计',NULL,NULL,NULL,NULL,6,NULL,NULL,0,0,NULL,6,'2026-01-01 03:52:42','2026-01-04 23:34:37'),(17,'group','新設アカデミー（AC）','Newly Established Academy (AC)','新成立的学院（AC）',NULL,NULL,NULL,NULL,6,NULL,NULL,0,0,NULL,6,'2026-01-01 03:52:42','2026-01-04 23:34:37'),(18,'group','英語講師リクルート','Recruit(English teacher)','英语教师招聘',NULL,NULL,NULL,NULL,6,NULL,NULL,0,0,NULL,6,'2026-01-01 03:52:42','2026-01-04 23:34:37'),(19,'group','尚ちゃん⇔三役','Nao-chan ⇔ Three positions','尚 ⇔ 三个角色',NULL,NULL,NULL,NULL,6,NULL,NULL,0,0,NULL,6,'2026-01-01 03:52:42','2026-01-04 23:34:37'),(20,'group','勤怠管理','Attendance Management','考勤管理',NULL,NULL,NULL,NULL,6,NULL,NULL,0,0,NULL,6,'2026-01-01 03:52:42','2026-01-04 23:34:37'),(21,'group','FC事務','FC Administration','FC 行政处理',NULL,NULL,NULL,NULL,6,NULL,NULL,0,0,NULL,6,'2026-01-01 03:52:42','2026-01-04 23:34:37'),(22,'group','バススケジュール','Bus Schedule','巴士时刻表',NULL,NULL,NULL,NULL,6,NULL,NULL,0,0,NULL,6,'2026-01-01 03:52:42','2026-01-04 23:34:37'),(23,'group','CC 支援員ロスター','CC Care Roster','CC护理人员名单',NULL,NULL,NULL,NULL,6,NULL,NULL,0,0,NULL,6,'2026-01-01 03:52:42','2026-01-04 23:34:37'),(24,'group','CC 合同(土曜・祝日等)預かり','CC-Sat/Holiday Daily Report','CC 联合护理（周六、节假日等）',NULL,NULL,NULL,NULL,6,NULL,NULL,0,0,NULL,6,'2026-01-01 03:52:42','2026-01-04 23:34:37'),(25,'group','CC学童事務','CC Afterschool Affairs','CC课后事务',NULL,NULL,NULL,NULL,6,NULL,NULL,0,0,NULL,6,'2026-01-01 03:52:43','2026-01-04 23:34:37'),(26,'group','内職タスク','Things TO Do','家庭作业',NULL,NULL,NULL,NULL,6,NULL,NULL,0,0,NULL,6,'2026-01-01 03:52:43','2026-01-04 23:34:37'),(37,'group','カレンダー','Google calendar','Google 日历',NULL,NULL,NULL,NULL,6,NULL,NULL,0,0,NULL,6,'2026-01-01 03:52:43','2026-01-04 23:34:37'),(38,'group','CC入退所事務',NULL,NULL,NULL,NULL,NULL,NULL,6,NULL,NULL,0,0,NULL,6,'2026-01-01 03:52:43','2026-01-04 23:34:37'),(51,'group','ASP','ASP','ASP',NULL,NULL,NULL,NULL,6,NULL,NULL,0,0,NULL,6,'2026-01-01 03:52:43','2026-01-04 23:34:37'),(52,'group','CC＆AC クリスマスコンサート','CC+AC Xmas Concert','CC & AC 圣诞音乐会',NULL,NULL,NULL,NULL,6,NULL,NULL,0,0,NULL,6,'2026-01-01 03:52:43','2026-01-04 23:34:37'),(53,'group','FC 2nd(4-6年生)','FC 2nd (4th-6th grade)','FC 2nd（4-6年级）',NULL,NULL,NULL,NULL,6,NULL,NULL,0,0,NULL,6,'2026-01-01 03:52:43','2026-01-04 23:34:37'),(77,'group','鍵管理','Key Management','关键管理',NULL,NULL,NULL,NULL,6,NULL,NULL,0,0,NULL,6,'2026-01-01 03:52:43','2026-01-04 23:34:37'),(78,'group','CC&FC 子ども用ネットショッピング','CC＆FC Shopping Earth','CC&FC 儿童网上购物',NULL,NULL,NULL,NULL,6,NULL,NULL,0,0,NULL,6,'2026-01-01 03:52:43','2026-01-04 23:34:37'),(79,'group','支援体制強化','Strengthening the support system','支援体制强化',NULL,NULL,NULL,NULL,6,NULL,NULL,0,0,NULL,6,'2026-01-01 03:52:43','2026-01-04 23:34:37'),(82,'group','FC 3rd(中学1,2年生)','FC 3rd(Year7&8)','FC 3rd（初中一、二年级学生）',NULL,NULL,NULL,NULL,6,NULL,NULL,0,0,NULL,6,'2026-01-01 03:52:43','2026-01-04 23:34:37'),(83,'group','CC 康生','CC KOSEI Gakudo','CC 康生',NULL,NULL,NULL,NULL,6,NULL,NULL,0,0,NULL,6,'2026-01-01 03:52:43','2026-01-04 23:34:37'),(84,'group','FC 英語検定','FC Eiken','FC 英语水平测试',NULL,NULL,NULL,NULL,6,NULL,NULL,0,0,NULL,6,'2026-01-01 03:52:44','2026-01-04 23:34:37'),(85,'group','PK ロスター','PK Roster','PK 轮班管理',NULL,NULL,NULL,NULL,6,NULL,NULL,0,0,NULL,6,'2026-01-01 03:52:44','2026-01-04 23:34:37'),(86,'group','CC 岡崎西','CC Okazaki West Gakudo','CC 冈崎西',NULL,NULL,NULL,NULL,6,NULL,NULL,0,0,NULL,6,'2026-01-01 03:52:44','2026-01-04 23:34:37'),(87,'group','CC 岡崎南','CC Okazaki South Gakudo(Hive)','CC 冈崎南',NULL,NULL,NULL,NULL,6,NULL,NULL,0,0,NULL,6,'2026-01-01 03:52:44','2026-01-04 23:34:37'),(88,'group','CC レッスンレポート','CC Lesson Report','CC课程报告',NULL,NULL,NULL,NULL,6,NULL,NULL,0,0,NULL,6,'2026-01-01 03:52:44','2026-01-04 23:34:37'),(89,'group','CC 緑丘','CC Midori Gakudo','CC 绿丘',NULL,NULL,NULL,NULL,6,NULL,NULL,0,0,NULL,6,'2026-01-01 03:52:44','2026-01-04 23:34:37'),(111,'group','防災衛生研修委員会','Disaster Prevention and Hygiene Training Committee','灾害预防和卫生培训委员会',NULL,NULL,NULL,NULL,6,NULL,NULL,0,0,NULL,6,'2026-01-01 03:52:44','2026-01-04 23:34:37'),(127,'group','FC 1st(1-3年生)','FC 1st (1st-3rd grade)','FC 1st（1-3年级）',NULL,NULL,NULL,NULL,6,NULL,NULL,0,0,NULL,6,'2026-01-01 03:52:44','2026-01-04 23:34:37'),(128,'group','発注&在庫管理','EInventory & Ordering','订购与库存管理',NULL,NULL,NULL,NULL,6,NULL,NULL,0,0,NULL,6,'2026-01-01 03:52:44','2026-01-04 23:34:37'),(129,'group','EGAOバスドライバー×Clover','EGAO Bus Driver x Clover','EGAO 巴士司机 x Clover',NULL,NULL,NULL,NULL,6,NULL,NULL,0,0,NULL,6,'2026-01-01 03:52:44','2026-01-04 23:34:37'),(130,'group','事務局','Office','秘书处',NULL,NULL,NULL,NULL,6,NULL,NULL,0,0,NULL,6,'2026-01-01 03:52:45','2026-01-04 23:34:37'),(131,'group','PK入退園事務','PK admission/exit administration','PK入院/出院管理',NULL,NULL,NULL,NULL,6,NULL,NULL,0,0,NULL,6,'2026-01-01 03:52:45','2026-01-04 23:34:37'),(132,'group','学研','Gakken','学研',NULL,NULL,NULL,NULL,6,NULL,NULL,0,0,NULL,6,'2026-01-01 03:52:45','2026-01-04 23:34:37'),(133,'group','会計・月謝引落し','Accounting and monthly tuition deductions','会计和每月学费扣除',NULL,NULL,NULL,NULL,6,NULL,NULL,0,0,NULL,6,'2026-01-01 03:52:45','2026-01-04 23:34:37'),(147,'group','サブスク','Subscription','订阅',NULL,NULL,NULL,NULL,6,NULL,NULL,0,0,NULL,6,'2026-01-01 03:52:45','2026-01-04 23:34:37'),(148,'group','山田晃代事務所⇔クローバー労務','Yamada Akiyo Office ⇔ Clover Labor','山田秋代事务所⇔ Clover Lab',NULL,NULL,NULL,NULL,6,NULL,NULL,0,0,NULL,6,'2026-01-01 03:52:45','2026-01-04 23:34:37'),(152,'group','春節の会','Chinese New Year Party','中国新年派对',NULL,NULL,NULL,NULL,6,NULL,NULL,0,0,NULL,6,'2026-01-01 03:52:45','2026-01-04 23:34:37'),(168,'group','用務員/バス送迎の依頼','Janitor/bus transfer requests','清洁工/巴士换乘申请',NULL,NULL,NULL,NULL,6,NULL,NULL,0,0,NULL,6,'2026-01-01 03:52:45','2026-01-04 23:34:37'),(169,'group','PK クリスマスコンサート','PK Xmas Concert','PK圣诞音乐会',NULL,NULL,NULL,NULL,6,NULL,NULL,0,0,NULL,6,'2026-01-01 03:52:45','2026-01-04 23:34:37'),(170,'group','事務ロスター','Office Roster','行政人员名册',NULL,NULL,NULL,NULL,6,NULL,NULL,0,0,NULL,6,'2026-01-01 03:52:45','2026-01-04 23:34:37'),(171,'group','写真と動画','Photo and videos','照片和视频',NULL,NULL,NULL,NULL,6,NULL,NULL,0,0,NULL,6,'2026-01-01 03:52:45','2026-01-04 23:34:37'),(172,'group','PK リーダー','PK Leader','PK 领袖',NULL,NULL,NULL,NULL,6,NULL,NULL,0,0,NULL,6,'2026-01-01 03:52:45','2026-01-04 23:34:37'),(173,'group','クローバー All','Clover All','Clover 每个人',NULL,NULL,NULL,NULL,6,NULL,NULL,0,0,NULL,6,'2026-01-01 03:52:45','2026-01-04 23:34:37'),(174,'group','人事委員会','Personnel Committee','人事委员会',NULL,NULL,NULL,NULL,6,NULL,NULL,0,0,NULL,6,'2026-01-01 03:52:46','2026-01-04 23:34:37'),(182,'group','CC夏休み事務','CC Summer Vacation Administration','CC暑假管理',NULL,NULL,NULL,NULL,6,NULL,NULL,0,0,NULL,6,'2026-01-01 03:52:46','2026-01-04 23:34:37'),(183,'group','CC 英語検定','CC English Proficiency Test','CC英语水平测试',NULL,NULL,NULL,NULL,6,NULL,NULL,0,0,NULL,6,'2026-01-01 03:52:46','2026-01-04 23:34:37'),(184,'group','車両管理者','Vehicle Manager','车辆管理器',NULL,NULL,NULL,NULL,6,NULL,NULL,0,0,NULL,6,'2026-01-01 03:52:46','2026-01-04 23:34:37'),(185,'group','PK 卒園式','PK Graduation Ceremony','PK 毕业典礼',NULL,NULL,NULL,NULL,6,NULL,NULL,0,0,NULL,6,'2026-01-01 03:52:46','2026-01-04 23:34:37'),(186,'group','CC フレックスタイム報連相','CC Flextime Reporting, Contact, and Consultation','CC 弹性工作时间报告、联系和咨询',NULL,NULL,NULL,NULL,6,NULL,NULL,0,0,NULL,6,'2026-01-01 03:52:46','2026-01-04 23:34:37'),(187,'group','PK キンダー','PK Kinder','PK 幼儿园',NULL,NULL,NULL,NULL,6,NULL,NULL,0,0,NULL,6,'2026-01-01 03:52:46','2026-01-04 23:34:37'),(188,'group','石橋幼稚園 x Clover','Ishibashi k x Clover','石桥幼儿园 x Clover',NULL,NULL,NULL,NULL,6,NULL,NULL,0,0,NULL,6,'2026-01-01 03:52:46','2026-01-04 23:34:37'),(189,'group','自転車・車貸出管理','Bike&Car Renting','自行车和汽车租赁管理',NULL,NULL,NULL,NULL,6,NULL,NULL,0,0,NULL,6,'2026-01-01 03:52:46','2026-01-04 23:34:37'),(190,'group','感染状況の共有','Sharing infection status','分享感染状态',NULL,NULL,NULL,NULL,6,NULL,NULL,0,0,NULL,6,'2026-01-01 03:52:46','2026-01-04 23:34:37'),(208,'group','FC 康生校','FC Kosei','FC 康生校',NULL,NULL,NULL,NULL,6,NULL,NULL,0,0,NULL,6,'2026-01-01 03:52:46','2026-01-04 23:34:37'),(209,'group','石橋＆すみれ幼稚園事務連絡','Ishibashi&Sumire','石桥堇幼儿园行政信息',NULL,NULL,NULL,NULL,6,NULL,NULL,0,0,NULL,6,'2026-01-01 03:52:46','2026-01-04 23:34:37'),(210,'group','広報','Public Relations','公共关系',NULL,NULL,NULL,NULL,6,NULL,NULL,0,0,NULL,6,'2026-01-01 03:52:46','2026-01-04 23:34:37'),(211,'group','FC 送迎バス','FC Bus','FC 接驳巴士',NULL,NULL,NULL,NULL,6,NULL,NULL,0,0,NULL,6,'2026-01-01 03:52:46','2026-01-04 23:34:37'),(212,'group','PK 早朝・延長・課外','PK Morning&Extended Care','PK 晨间及延时护理',NULL,NULL,NULL,NULL,6,NULL,NULL,0,0,NULL,6,'2026-01-01 03:52:46','2026-01-04 23:34:37'),(235,'group','PK プリ(Green1&2)','PK PreSchool(Green1&2)','学前班（绿色 1 和 2）',NULL,NULL,NULL,NULL,6,NULL,NULL,0,0,NULL,6,'2026-01-01 03:52:47','2026-01-04 23:34:37'),(236,'group','PK 特別保育','PK special childcare','PK 特殊儿童保育',NULL,NULL,NULL,NULL,6,NULL,NULL,0,0,NULL,6,'2026-01-01 03:52:47','2026-01-04 23:34:37'),(237,'group','Bonds Works 佐藤','Bonds Works','Bonds Works',NULL,NULL,NULL,NULL,6,NULL,NULL,0,0,NULL,6,'2026-01-01 03:52:47','2026-01-04 23:34:37'),(238,'group','PK＆FC,CCスクールランチ','PK＆FC,CC School Lunch','PK & FC,CC 学校午餐',NULL,NULL,NULL,NULL,6,NULL,NULL,0,0,NULL,6,'2026-01-01 03:52:47','2026-01-04 23:34:37'),(239,'group','FC 西校','FC West Campus','FC 西校',NULL,NULL,NULL,NULL,6,NULL,NULL,0,0,NULL,6,'2026-01-01 03:52:47','2026-01-04 23:34:37'),(240,'group','社員寮','Employee Dormitory','员工宿舍',NULL,NULL,NULL,NULL,6,NULL,NULL,0,0,NULL,6,'2026-01-01 03:52:47','2026-01-04 23:34:37'),(241,'group','リスク管理','Risk Management','风险管理',NULL,NULL,NULL,NULL,6,NULL,NULL,0,0,NULL,6,'2026-01-01 03:52:47','2026-01-04 23:34:37'),(242,'group','FC レッスンレポート','FC Lesson Report','FC课程报告',NULL,NULL,NULL,NULL,6,NULL,NULL,0,0,NULL,6,'2026-01-01 03:52:47','2026-01-04 23:34:37'),(243,'group','請負スタッフ 専用','Contract staff Exclusive','合约人员 独家',NULL,NULL,NULL,NULL,6,NULL,NULL,0,0,NULL,6,'2026-01-01 03:52:47','2026-01-04 23:34:37'),(244,'group','正社員','Full-time Workers','全职员工',NULL,NULL,NULL,NULL,6,NULL,NULL,0,0,NULL,6,'2026-01-01 03:52:47','2026-01-04 23:34:37'),(245,'group','コドモン','Kodomon','Kodomon',NULL,NULL,NULL,NULL,6,NULL,NULL,0,0,NULL,6,'2026-01-01 03:52:47','2026-01-04 23:34:37'),(246,'group','中国語講師採用','Chinese language instructor recruitment','招聘汉语教师',NULL,NULL,NULL,NULL,6,NULL,NULL,0,0,NULL,6,'2026-01-01 03:52:47','2026-01-04 23:34:37'),(247,'group','スナック発注','Snack ordering','小吃订购',NULL,NULL,NULL,NULL,6,NULL,NULL,0,0,NULL,6,'2026-01-01 03:52:47','2026-01-04 23:34:37'),(248,'group','CC中高生(Venus)','CC Junior and Senior High School Students (Venus)','CC初高中学生（金星）',NULL,NULL,NULL,NULL,6,NULL,NULL,0,0,NULL,6,'2026-01-01 03:52:47','2026-01-04 23:34:37'),(249,'group','CC&FC ハロウィン','CC&FC Halloween','CC&FC 万圣节',NULL,NULL,NULL,NULL,6,NULL,NULL,0,0,NULL,6,'2026-01-01 03:52:47','2026-01-04 23:34:37'),(250,'group','CC コミュニティ職員','CC Community Teachers','CC 社区讲师',NULL,NULL,NULL,NULL,6,NULL,NULL,0,0,NULL,6,'2026-01-01 03:52:47','2026-01-04 23:34:37'),(251,'group','Instagram(インスタ)','Instagram','Instagram',NULL,NULL,NULL,NULL,6,NULL,NULL,0,0,NULL,6,'2026-01-01 03:52:47','2026-01-04 23:34:37'),(252,'group','PK中国語','PK Chinese Group','PK中文组',NULL,NULL,NULL,NULL,6,NULL,NULL,0,0,NULL,6,'2026-01-01 03:52:48','2026-01-04 23:34:37'),(259,'group','CC 学童全体','CC Gakudo ALL','CC 所有学龄儿童','学童関係者全体に連絡したいときに使用してください',NULL,NULL,NULL,6,NULL,NULL,0,0,NULL,6,'2026-01-01 03:52:48','2026-01-04 23:34:37'),(292,'group','FC 中文スピコン',NULL,'FC中文演讲比赛',NULL,NULL,NULL,NULL,6,NULL,NULL,0,0,NULL,6,'2026-01-01 03:52:48','2026-01-04 23:34:37'),(293,'group','PK ハロウィン','PK Halloween','PK 万圣节',NULL,NULL,NULL,NULL,6,NULL,NULL,0,0,NULL,6,'2026-01-01 03:52:48','2026-01-04 23:34:37'),(294,'group','しおり・規約・レッスンプラン・カレンダー','Bookmarks, Terms and Conditions, Lesson Plans, Calendar','书签、条款和条件、课程计划、日历',NULL,NULL,NULL,NULL,6,NULL,NULL,0,0,NULL,6,'2026-01-01 03:52:48','2026-01-04 23:34:37'),(295,'group','英スピコン','Speech(English) Contest',NULL,NULL,NULL,NULL,NULL,6,NULL,NULL,0,0,NULL,6,'2026-01-01 03:52:48','2026-01-04 23:34:37'),(296,'group','クローバーHP更新','Clover HP update','四叶草首页更新',NULL,NULL,NULL,NULL,6,NULL,NULL,0,0,NULL,6,'2026-01-01 03:52:48','2026-01-04 23:34:37'),(297,'group','PK スポーツデイ','PK Sports Day','PK运动会',NULL,NULL,NULL,NULL,6,NULL,NULL,0,0,NULL,6,'2026-01-01 03:52:48','2026-01-04 23:34:37'),(298,'group','PK 春の会','PK Spring Gathering','PK春季会议',NULL,NULL,NULL,NULL,6,NULL,NULL,0,0,NULL,6,'2026-01-01 03:52:48','2026-01-04 23:34:37'),(299,'group','PK 卒園(修了)式','PK Graduation','PK毕业典礼',NULL,NULL,NULL,NULL,6,NULL,NULL,0,0,NULL,6,'2026-01-01 03:52:48','2026-01-04 23:34:37');
/*!40000 ALTER TABLE `conversations` ENABLE KEYS */;
UNLOCK TABLES;

--
-- Dumping data for table `conversation_members`
--

LOCK TABLES `conversation_members` WRITE;
/*!40000 ALTER TABLE `conversation_members` DISABLE KEYS */;
INSERT INTO `conversation_members` (`id`, `conversation_id`, `user_id`, `role`, `is_pinned`, `is_muted`, `is_silenced`, `muted_until`, `last_read_at`, `joined_at`, `left_at`) VALUES (1,1,6,'admin',0,0,0,NULL,NULL,'2025-12-24 01:45:03',NULL),(2,1,7,'member',0,0,0,NULL,NULL,'2025-12-24 01:45:03',NULL),(3,1,8,'member',0,0,0,NULL,NULL,'2025-12-24 01:45:03',NULL),(4,1,9,'admin',0,0,0,NULL,NULL,'2025-12-24 01:45:03',NULL),(5,1,10,'admin',0,0,0,NULL,NULL,'2025-12-24 01:45:03',NULL),(13,4,6,'member',0,0,0,NULL,NULL,'2025-12-24 01:45:03',NULL),(14,4,7,'member',0,0,0,NULL,NULL,'2025-12-24 01:45:03',NULL),(15,5,9,'member',0,0,0,NULL,NULL,'2025-12-24 01:45:03',NULL),(16,5,8,'member',0,0,0,NULL,NULL,'2025-12-24 01:45:03',NULL),(27,1,112,'member',0,0,0,NULL,NULL,'2026-01-01 03:49:14',NULL),(28,10,6,'admin',0,0,0,NULL,NULL,'2026-01-01 03:52:42',NULL),(29,10,9,'admin',0,0,0,NULL,NULL,'2026-01-01 03:52:42',NULL),(30,10,117,'admin',0,0,0,NULL,NULL,'2026-01-01 03:52:42',NULL),(31,10,123,'admin',0,0,0,NULL,NULL,'2026-01-01 03:52:42',NULL),(32,10,124,'admin',0,0,0,NULL,NULL,'2026-01-01 03:52:42',NULL),(33,10,113,'admin',0,0,0,NULL,NULL,'2026-01-01 03:52:42',NULL),(34,10,127,'admin',0,0,0,NULL,NULL,'2026-01-01 03:52:42',NULL),(35,10,115,'member',0,0,0,NULL,NULL,'2026-01-01 03:52:42',NULL),(36,10,128,'admin',0,0,0,NULL,NULL,'2026-01-01 03:52:42',NULL),(37,10,112,'admin',0,0,0,NULL,NULL,'2026-01-01 03:52:42',NULL),(38,10,131,'member',0,0,0,NULL,NULL,'2026-01-01 03:52:42',NULL),(39,10,135,'admin',0,0,0,NULL,NULL,'2026-01-01 03:52:42',NULL),(40,10,134,'admin',0,0,0,NULL,NULL,'2026-01-01 03:52:42',NULL),(41,10,139,'member',0,0,0,NULL,NULL,'2026-01-01 03:52:42',NULL),(42,10,141,'admin',0,0,0,NULL,NULL,'2026-01-01 03:52:42',NULL),(43,10,146,'member',0,0,0,NULL,NULL,'2026-01-01 03:52:42',NULL),(44,10,145,'member',0,0,0,NULL,NULL,'2026-01-01 03:52:42',NULL),(45,10,152,'admin',0,0,0,NULL,NULL,'2026-01-01 03:52:42',NULL),(46,10,157,'member',0,0,0,NULL,NULL,'2026-01-01 03:52:42',NULL),(47,10,164,'admin',0,0,0,NULL,NULL,'2026-01-01 03:52:42',NULL),(48,10,173,'admin',0,0,0,NULL,NULL,'2026-01-01 03:52:42',NULL),(49,11,6,'admin',0,0,0,NULL,NULL,'2026-01-01 03:52:42',NULL),(50,11,9,'member',0,0,0,NULL,NULL,'2026-01-01 03:52:42',NULL),(51,11,117,'admin',0,0,0,NULL,NULL,'2026-01-01 03:52:42',NULL),(52,11,122,'admin',0,0,0,NULL,NULL,'2026-01-01 03:52:42',NULL),(53,11,118,'member',0,0,0,NULL,NULL,'2026-01-01 03:52:42',NULL),(54,11,113,'admin',0,0,0,NULL,NULL,'2026-01-01 03:52:42',NULL),(55,11,127,'admin',0,0,0,NULL,NULL,'2026-01-01 03:52:42',NULL),(56,11,126,'member',0,0,0,NULL,NULL,'2026-01-01 03:52:42',NULL),(57,11,128,'admin',0,0,0,NULL,NULL,'2026-01-01 03:52:42',NULL),(58,11,112,'member',0,0,0,NULL,NULL,'2026-01-01 03:52:42',NULL),(59,11,132,'member',0,0,0,NULL,NULL,'2026-01-01 03:52:42',NULL),(60,11,135,'member',0,0,0,NULL,NULL,'2026-01-01 03:52:42',NULL),(61,11,134,'admin',0,0,0,NULL,NULL,'2026-01-01 03:52:42',NULL),(62,11,138,'member',0,0,0,NULL,NULL,'2026-01-01 03:52:42',NULL),(63,11,139,'member',0,0,0,NULL,NULL,'2026-01-01 03:52:42',NULL),(64,11,141,'admin',0,0,0,NULL,NULL,'2026-01-01 03:52:42',NULL),(65,11,142,'member',0,0,0,NULL,NULL,'2026-01-01 03:52:42',NULL),(66,11,146,'member',0,0,0,NULL,NULL,'2026-01-01 03:52:42',NULL),(67,11,148,'member',0,0,0,NULL,NULL,'2026-01-01 03:52:42',NULL),(68,11,152,'admin',0,0,0,NULL,NULL,'2026-01-01 03:52:42',NULL),(69,11,158,'member',0,0,0,NULL,NULL,'2026-01-01 03:52:42',NULL),(70,11,159,'member',0,0,0,NULL,NULL,'2026-01-01 03:52:42',NULL),(71,11,160,'member',0,0,0,NULL,NULL,'2026-01-01 03:52:42',NULL),(72,11,161,'member',0,0,0,NULL,NULL,'2026-01-01 03:52:42',NULL),(73,11,162,'member',0,0,0,NULL,NULL,'2026-01-01 03:52:42',NULL),(74,12,6,'admin',0,0,0,NULL,NULL,'2026-01-01 03:52:42',NULL),(75,12,127,'member',0,0,0,NULL,NULL,'2026-01-01 03:52:42',NULL),(76,12,115,'member',0,0,0,NULL,NULL,'2026-01-01 03:52:42',NULL),(77,12,135,'admin',0,0,0,NULL,NULL,'2026-01-01 03:52:42',NULL),(78,13,6,'admin',0,0,0,NULL,NULL,'2026-01-01 03:52:42',NULL),(79,13,9,'admin',0,0,0,NULL,NULL,'2026-01-01 03:52:42',NULL),(80,13,117,'member',0,0,0,NULL,NULL,'2026-01-01 03:52:42',NULL),(81,13,123,'member',0,0,0,NULL,NULL,'2026-01-01 03:52:42',NULL),(82,13,120,'member',0,0,0,NULL,NULL,'2026-01-01 03:52:42',NULL),(83,13,122,'member',0,0,0,NULL,NULL,'2026-01-01 03:52:42',NULL),(84,13,113,'admin',0,0,0,NULL,NULL,'2026-01-01 03:52:42',NULL),(85,13,127,'admin',0,0,0,NULL,NULL,'2026-01-01 03:52:42',NULL),(86,13,115,'member',0,0,0,NULL,NULL,'2026-01-01 03:52:42',NULL),(87,13,126,'member',0,0,0,NULL,NULL,'2026-01-01 03:52:42',NULL),(88,13,128,'admin',0,0,0,NULL,NULL,'2026-01-01 03:52:42',NULL),(89,13,112,'member',0,0,0,NULL,NULL,'2026-01-01 03:52:42',NULL),(90,13,132,'member',0,0,0,NULL,NULL,'2026-01-01 03:52:42',NULL),(91,13,133,'member',0,0,0,NULL,NULL,'2026-01-01 03:52:42',NULL),(92,13,135,'member',0,0,0,NULL,NULL,'2026-01-01 03:52:42',NULL),(93,13,134,'admin',0,0,0,NULL,NULL,'2026-01-01 03:52:42',NULL),(94,13,138,'member',0,0,0,NULL,NULL,'2026-01-01 03:52:42',NULL),(95,13,139,'member',0,0,0,NULL,NULL,'2026-01-01 03:52:42',NULL),(96,13,63,'admin',0,0,0,NULL,NULL,'2026-01-01 03:52:42',NULL),(97,13,141,'member',0,0,0,NULL,NULL,'2026-01-01 03:52:42',NULL),(98,13,142,'member',0,0,0,NULL,NULL,'2026-01-01 03:52:42',NULL),(99,13,146,'member',0,0,0,NULL,NULL,'2026-01-01 03:52:42',NULL),(100,13,145,'member',0,0,0,NULL,NULL,'2026-01-01 03:52:42',NULL),(101,13,148,'member',0,0,0,NULL,NULL,'2026-01-01 03:52:42',NULL),(102,13,151,'member',0,0,0,NULL,NULL,'2026-01-01 03:52:42',NULL),(103,13,150,'member',0,0,0,NULL,NULL,'2026-01-01 03:52:42',NULL),(104,13,152,'member',0,0,0,NULL,NULL,'2026-01-01 03:52:42',NULL),(105,13,157,'member',0,0,0,NULL,NULL,'2026-01-01 03:52:42',NULL),(106,13,158,'member',0,0,0,NULL,NULL,'2026-01-01 03:52:42',NULL),(107,13,159,'member',0,0,0,NULL,NULL,'2026-01-01 03:52:42',NULL),(108,13,161,'member',0,0,0,NULL,NULL,'2026-01-01 03:52:42',NULL),(109,13,162,'member',0,0,0,NULL,NULL,'2026-01-01 03:52:42',NULL),(110,13,163,'member',0,0,0,NULL,NULL,'2026-01-01 03:52:42',NULL),(111,13,166,'member',0,0,0,NULL,NULL,'2026-01-01 03:52:42',NULL),(112,13,167,'member',0,0,0,NULL,NULL,'2026-01-01 03:52:42',NULL),(113,13,170,'member',0,0,0,NULL,NULL,'2026-01-01 03:52:42',NULL),(114,13,173,'member',0,0,0,NULL,NULL,'2026-01-01 03:52:42',NULL),(115,13,172,'member',0,0,0,NULL,NULL,'2026-01-01 03:52:42',NULL),(116,14,6,'admin',0,0,0,NULL,NULL,'2026-01-01 03:52:42',NULL),(117,14,9,'member',0,0,0,NULL,NULL,'2026-01-01 03:52:42',NULL),(118,14,112,'admin',0,0,0,NULL,NULL,'2026-01-01 03:52:42',NULL),(119,15,6,'admin',0,0,0,NULL,NULL,'2026-01-01 03:52:42',NULL),(120,15,127,'member',0,0,0,NULL,NULL,'2026-01-01 03:52:42',NULL),(121,15,115,'member',0,0,0,NULL,NULL,'2026-01-01 03:52:42',NULL),(122,15,72,'member',0,0,0,NULL,NULL,'2026-01-01 03:52:42',NULL),(123,15,135,'admin',0,0,0,NULL,NULL,'2026-01-01 03:52:42',NULL),(124,16,6,'admin',0,0,0,NULL,NULL,'2026-01-01 03:52:42',NULL),(125,16,115,'member',0,0,0,NULL,NULL,'2026-01-01 03:52:42',NULL),(126,16,112,'member',0,0,0,NULL,NULL,'2026-01-01 03:52:42',NULL),(127,16,73,'member',0,0,0,NULL,NULL,'2026-01-01 03:52:42',NULL),(128,16,74,'member',0,0,0,NULL,NULL,'2026-01-01 03:52:42',NULL),(129,16,164,'member',0,0,0,NULL,NULL,'2026-01-01 03:52:42',NULL),(130,17,6,'admin',0,0,0,NULL,NULL,'2026-01-01 03:52:42',NULL),(131,17,9,'member',0,0,0,NULL,NULL,'2026-01-01 03:52:42',NULL),(132,17,117,'member',0,0,0,NULL,NULL,'2026-01-01 03:52:42',NULL),(133,17,113,'member',0,0,0,NULL,NULL,'2026-01-01 03:52:42',NULL),(134,17,128,'admin',0,0,0,NULL,NULL,'2026-01-01 03:52:42',NULL),(135,17,112,'member',0,0,0,NULL,NULL,'2026-01-01 03:52:42',NULL),(136,17,134,'admin',0,0,0,NULL,NULL,'2026-01-01 03:52:42',NULL),(137,17,141,'member',0,0,0,NULL,NULL,'2026-01-01 03:52:42',NULL),(138,17,152,'admin',0,0,0,NULL,NULL,'2026-01-01 03:52:42',NULL),(139,17,162,'admin',0,0,0,NULL,NULL,'2026-01-01 03:52:42',NULL),(140,17,164,'admin',0,0,0,NULL,NULL,'2026-01-01 03:52:42',NULL),(141,18,6,'admin',0,0,0,NULL,NULL,'2026-01-01 03:52:42',NULL),(142,18,127,'admin',0,0,0,NULL,NULL,'2026-01-01 03:52:42',NULL),(143,18,128,'admin',0,0,0,NULL,NULL,'2026-01-01 03:52:42',NULL),(144,18,135,'admin',0,0,0,NULL,NULL,'2026-01-01 03:52:42',NULL),(145,18,134,'admin',0,0,0,NULL,NULL,'2026-01-01 03:52:42',NULL),(146,19,6,'admin',0,0,0,NULL,NULL,'2026-01-01 03:52:42',NULL),(147,19,127,'member',0,0,0,NULL,NULL,'2026-01-01 03:52:42',NULL),(148,19,112,'admin',0,0,0,NULL,NULL,'2026-01-01 03:52:42',NULL),(149,20,6,'admin',0,0,0,NULL,NULL,'2026-01-01 03:52:42',NULL),(150,20,9,'admin',0,0,0,NULL,NULL,'2026-01-01 03:52:42',NULL),(151,20,117,'member',0,0,0,NULL,NULL,'2026-01-01 03:52:42',NULL),(152,20,123,'member',0,0,0,NULL,NULL,'2026-01-01 03:52:42',NULL),(153,20,120,'member',0,0,0,NULL,NULL,'2026-01-01 03:52:42',NULL),(154,20,122,'member',0,0,0,NULL,NULL,'2026-01-01 03:52:42',NULL),(155,20,121,'member',0,0,0,NULL,NULL,'2026-01-01 03:52:42',NULL),(156,20,124,'member',0,0,0,NULL,NULL,'2026-01-01 03:52:42',NULL),(157,20,119,'member',0,0,0,NULL,NULL,'2026-01-01 03:52:42',NULL),(158,20,118,'member',0,0,0,NULL,NULL,'2026-01-01 03:52:42',NULL),(159,20,125,'member',0,0,0,NULL,NULL,'2026-01-01 03:52:42',NULL),(160,20,113,'member',0,0,0,NULL,NULL,'2026-01-01 03:52:42',NULL),(161,20,127,'member',0,0,0,NULL,NULL,'2026-01-01 03:52:42',NULL),(162,20,115,'admin',0,0,0,NULL,NULL,'2026-01-01 03:52:42',NULL),(163,20,126,'member',0,0,0,NULL,NULL,'2026-01-01 03:52:42',NULL),(164,20,78,'member',0,0,0,NULL,NULL,'2026-01-01 03:52:42',NULL),(165,20,129,'member',0,0,0,NULL,NULL,'2026-01-01 03:52:42',NULL),(166,20,128,'member',0,0,0,NULL,NULL,'2026-01-01 03:52:42',NULL),(167,20,112,'member',0,0,0,NULL,NULL,'2026-01-01 03:52:42',NULL),(168,20,80,'member',0,0,0,NULL,NULL,'2026-01-01 03:52:42',NULL),(169,20,131,'member',0,0,0,NULL,NULL,'2026-01-01 03:52:42',NULL),(170,20,130,'member',0,0,0,NULL,NULL,'2026-01-01 03:52:42',NULL),(171,20,132,'member',0,0,0,NULL,NULL,'2026-01-01 03:52:42',NULL),(172,20,133,'member',0,0,0,NULL,NULL,'2026-01-01 03:52:42',NULL),(173,20,135,'admin',0,0,0,NULL,NULL,'2026-01-01 03:52:42',NULL),(174,20,134,'admin',0,0,0,NULL,NULL,'2026-01-01 03:52:42',NULL),(175,20,136,'member',0,0,0,NULL,NULL,'2026-01-01 03:52:42',NULL),(176,20,138,'member',0,0,0,NULL,NULL,'2026-01-01 03:52:42',NULL),(177,20,139,'member',0,0,0,NULL,NULL,'2026-01-01 03:52:42',NULL),(178,20,141,'member',0,0,0,NULL,NULL,'2026-01-01 03:52:42',NULL),(179,20,142,'member',0,0,0,NULL,NULL,'2026-01-01 03:52:42',NULL),(180,20,146,'member',0,0,0,NULL,NULL,'2026-01-01 03:52:42',NULL),(181,20,145,'member',0,0,0,NULL,NULL,'2026-01-01 03:52:42',NULL),(182,20,149,'member',0,0,0,NULL,NULL,'2026-01-01 03:52:42',NULL),(183,20,148,'member',0,0,0,NULL,NULL,'2026-01-01 03:52:42',NULL),(184,20,151,'member',0,0,0,NULL,NULL,'2026-01-01 03:52:42',NULL),(185,20,150,'member',0,0,0,NULL,NULL,'2026-01-01 03:52:42',NULL),(186,20,152,'member',0,0,0,NULL,NULL,'2026-01-01 03:52:42',NULL),(187,20,155,'member',0,0,0,NULL,NULL,'2026-01-01 03:52:42',NULL),(188,20,156,'member',0,0,0,NULL,NULL,'2026-01-01 03:52:42',NULL),(189,20,154,'member',0,0,0,NULL,NULL,'2026-01-01 03:52:42',NULL),(190,20,157,'member',0,0,0,NULL,NULL,'2026-01-01 03:52:42',NULL),(191,20,158,'member',0,0,0,NULL,NULL,'2026-01-01 03:52:42',NULL),(192,20,159,'member',0,0,0,NULL,NULL,'2026-01-01 03:52:42',NULL),(193,20,160,'member',0,0,0,NULL,NULL,'2026-01-01 03:52:42',NULL),(194,20,161,'member',0,0,0,NULL,NULL,'2026-01-01 03:52:42',NULL),(195,20,162,'member',0,0,0,NULL,NULL,'2026-01-01 03:52:42',NULL),(196,20,163,'member',0,0,0,NULL,NULL,'2026-01-01 03:52:42',NULL),(197,20,164,'member',0,0,0,NULL,NULL,'2026-01-01 03:52:42',NULL),(198,20,165,'member',0,0,0,NULL,NULL,'2026-01-01 03:52:42',NULL),(199,20,166,'member',0,0,0,NULL,NULL,'2026-01-01 03:52:42',NULL),(200,20,89,'member',0,0,0,NULL,NULL,'2026-01-01 03:52:42',NULL),(201,20,167,'member',0,0,0,NULL,NULL,'2026-01-01 03:52:42',NULL),(202,20,170,'member',0,0,0,NULL,NULL,'2026-01-01 03:52:42',NULL),(203,20,173,'member',0,0,0,NULL,NULL,'2026-01-01 03:52:42',NULL),(204,20,172,'member',0,0,0,NULL,NULL,'2026-01-01 03:52:42',NULL),(205,20,91,'member',0,0,0,NULL,NULL,'2026-01-01 03:52:42',NULL),(206,20,92,'member',0,0,0,NULL,NULL,'2026-01-01 03:52:42',NULL),(207,20,171,'member',0,0,0,NULL,NULL,'2026-01-01 03:52:42',NULL),(208,20,94,'member',0,0,0,NULL,NULL,'2026-01-01 03:52:42',NULL),(209,21,6,'admin',0,0,0,NULL,NULL,'2026-01-01 03:52:42',NULL),(210,21,116,'admin',0,0,0,NULL,NULL,'2026-01-01 03:52:42',NULL),(211,21,123,'admin',0,0,0,NULL,NULL,'2026-01-01 03:52:42',NULL),(212,21,120,'member',0,0,0,NULL,NULL,'2026-01-01 03:52:42',NULL),(213,21,122,'admin',0,0,0,NULL,NULL,'2026-01-01 03:52:42',NULL),(214,21,112,'member',0,0,0,NULL,NULL,'2026-01-01 03:52:42',NULL),(215,21,164,'member',0,0,0,NULL,NULL,'2026-01-01 03:52:42',NULL),(216,22,6,'admin',0,0,0,NULL,NULL,'2026-01-01 03:52:42',NULL),(217,22,127,'member',0,0,0,NULL,NULL,'2026-01-01 03:52:42',NULL),(218,22,133,'member',0,0,0,NULL,NULL,'2026-01-01 03:52:42',NULL),(219,22,134,'admin',0,0,0,NULL,NULL,'2026-01-01 03:52:42',NULL),(220,22,63,'admin',0,0,0,NULL,NULL,'2026-01-01 03:52:42',NULL),(221,22,145,'member',0,0,0,NULL,NULL,'2026-01-01 03:52:42',NULL),(222,22,150,'member',0,0,0,NULL,NULL,'2026-01-01 03:52:42',NULL),(223,22,157,'member',0,0,0,NULL,NULL,'2026-01-01 03:52:42',NULL),(224,22,173,'admin',0,0,0,NULL,NULL,'2026-01-01 03:52:42',NULL),(225,23,6,'admin',0,0,0,NULL,NULL,'2026-01-01 03:52:42',NULL),(226,23,117,'admin',0,0,0,NULL,NULL,'2026-01-01 03:52:42',NULL),(227,23,123,'admin',0,0,0,NULL,NULL,'2026-01-01 03:52:42',NULL),(228,23,122,'admin',0,0,0,NULL,NULL,'2026-01-01 03:52:42',NULL),(229,23,113,'admin',0,0,0,NULL,NULL,'2026-01-01 03:52:42',NULL),(230,23,127,'admin',0,0,0,NULL,NULL,'2026-01-01 03:52:42',NULL),(231,23,128,'admin',0,0,0,NULL,NULL,'2026-01-01 03:52:42',NULL),(232,23,112,'member',0,0,0,NULL,NULL,'2026-01-01 03:52:42',NULL),(233,23,133,'member',0,0,0,NULL,NULL,'2026-01-01 03:52:42',NULL),(234,23,134,'admin',0,0,0,NULL,NULL,'2026-01-01 03:52:42',NULL),(235,23,138,'member',0,0,0,NULL,NULL,'2026-01-01 03:52:42',NULL),(236,23,63,'admin',0,0,0,NULL,NULL,'2026-01-01 03:52:42',NULL),(237,23,140,'member',0,0,0,NULL,NULL,'2026-01-01 03:52:42',NULL),(238,23,141,'admin',0,0,0,NULL,NULL,'2026-01-01 03:52:42',NULL),(239,23,142,'member',0,0,0,NULL,NULL,'2026-01-01 03:52:42',NULL),(240,23,143,'member',0,0,0,NULL,NULL,'2026-01-01 03:52:42',NULL),(241,23,146,'member',0,0,0,NULL,NULL,'2026-01-01 03:52:42',NULL),(242,23,148,'member',0,0,0,NULL,NULL,'2026-01-01 03:52:42',NULL),(243,23,151,'member',0,0,0,NULL,NULL,'2026-01-01 03:52:42',NULL),(244,23,152,'admin',0,0,0,NULL,NULL,'2026-01-01 03:52:42',NULL),(245,23,162,'member',0,0,0,NULL,NULL,'2026-01-01 03:52:42',NULL),(246,23,166,'member',0,0,0,NULL,NULL,'2026-01-01 03:52:42',NULL),(247,23,89,'member',0,0,0,NULL,NULL,'2026-01-01 03:52:42',NULL),(248,23,170,'member',0,0,0,NULL,NULL,'2026-01-01 03:52:42',NULL),(249,23,173,'member',0,0,0,NULL,NULL,'2026-01-01 03:52:42',NULL),(250,23,172,'member',0,0,0,NULL,NULL,'2026-01-01 03:52:42',NULL),(251,23,91,'member',0,0,0,NULL,NULL,'2026-01-01 03:52:42',NULL),(252,24,6,'admin',0,0,0,NULL,NULL,'2026-01-01 03:52:42',NULL),(253,24,9,'member',0,0,0,NULL,NULL,'2026-01-01 03:52:42',NULL),(254,24,117,'member',0,0,0,NULL,NULL,'2026-01-01 03:52:42',NULL),(255,24,118,'member',0,0,0,NULL,NULL,'2026-01-01 03:52:42',NULL),(256,24,113,'admin',0,0,0,NULL,NULL,'2026-01-01 03:52:42',NULL),(257,24,127,'member',0,0,0,NULL,NULL,'2026-01-01 03:52:42',NULL),(258,24,126,'member',0,0,0,NULL,NULL,'2026-01-01 03:52:42',NULL),(259,24,128,'admin',0,0,0,NULL,NULL,'2026-01-01 03:52:42',NULL),(260,24,112,'member',0,0,0,NULL,NULL,'2026-01-01 03:52:42',NULL),(261,24,132,'member',0,0,0,NULL,NULL,'2026-01-01 03:52:42',NULL),(262,24,133,'member',0,0,0,NULL,NULL,'2026-01-01 03:52:42',NULL),(263,24,134,'admin',0,0,0,NULL,NULL,'2026-01-01 03:52:42',NULL),(264,24,138,'member',0,0,0,NULL,NULL,'2026-01-01 03:52:42',NULL),(265,24,63,'admin',0,0,0,NULL,NULL,'2026-01-01 03:52:42',NULL),(266,24,141,'admin',0,0,0,NULL,NULL,'2026-01-01 03:52:42',NULL),(267,24,142,'member',0,0,0,NULL,NULL,'2026-01-01 03:52:42',NULL),(268,24,146,'member',0,0,0,NULL,NULL,'2026-01-01 03:52:42',NULL),(269,24,144,'member',0,0,0,NULL,NULL,'2026-01-01 03:52:42',NULL),(270,24,148,'member',0,0,0,NULL,NULL,'2026-01-01 03:52:42',NULL),(271,24,152,'admin',0,0,0,NULL,NULL,'2026-01-01 03:52:42',NULL),(272,24,155,'member',0,0,0,NULL,NULL,'2026-01-01 03:52:42',NULL),(273,24,158,'member',0,0,0,NULL,NULL,'2026-01-01 03:52:42',NULL),(274,24,160,'member',0,0,0,NULL,NULL,'2026-01-01 03:52:42',NULL),(275,24,162,'member',0,0,0,NULL,NULL,'2026-01-01 03:52:42',NULL),(276,24,163,'member',0,0,0,NULL,NULL,'2026-01-01 03:52:42',NULL),(277,24,166,'member',0,0,0,NULL,NULL,'2026-01-01 03:52:42',NULL),(278,24,167,'member',0,0,0,NULL,NULL,'2026-01-01 03:52:42',NULL),(279,24,172,'member',0,0,0,NULL,NULL,'2026-01-01 03:52:42',NULL),(280,24,91,'member',0,0,0,NULL,NULL,'2026-01-01 03:52:42',NULL),(281,25,6,'admin',0,0,0,NULL,NULL,'2026-01-01 03:52:43',NULL),(282,25,9,'admin',0,0,0,NULL,NULL,'2026-01-01 03:52:43',NULL),(283,25,117,'admin',0,0,0,NULL,NULL,'2026-01-01 03:52:43',NULL),(284,25,122,'admin',0,0,0,NULL,NULL,'2026-01-01 03:52:43',NULL),(285,25,113,'admin',0,0,0,NULL,NULL,'2026-01-01 03:52:43',NULL),(286,25,127,'admin',0,0,0,NULL,NULL,'2026-01-01 03:52:43',NULL),(287,25,115,'member',0,0,0,NULL,NULL,'2026-01-01 03:52:43',NULL),(288,25,112,'admin',0,0,0,NULL,NULL,'2026-01-01 03:52:43',NULL),(289,25,135,'admin',0,0,0,NULL,NULL,'2026-01-01 03:52:43',NULL),(290,25,134,'admin',0,0,0,NULL,NULL,'2026-01-01 03:52:43',NULL),(291,25,139,'admin',0,0,0,NULL,NULL,'2026-01-01 03:52:43',NULL),(292,25,141,'admin',0,0,0,NULL,NULL,'2026-01-01 03:52:43',NULL),(293,25,142,'member',0,0,0,NULL,NULL,'2026-01-01 03:52:43',NULL),(294,25,146,'member',0,0,0,NULL,NULL,'2026-01-01 03:52:43',NULL),(295,25,144,'member',0,0,0,NULL,NULL,'2026-01-01 03:52:43',NULL),(296,25,152,'admin',0,0,0,NULL,NULL,'2026-01-01 03:52:43',NULL),(297,25,164,'member',0,0,0,NULL,NULL,'2026-01-01 03:52:43',NULL),(298,26,6,'admin',0,0,0,NULL,NULL,'2026-01-01 03:52:43',NULL),(299,26,9,'admin',0,0,0,NULL,NULL,'2026-01-01 03:52:43',NULL),(300,26,123,'admin',0,0,0,NULL,NULL,'2026-01-01 03:52:43',NULL),(301,26,124,'member',0,0,0,NULL,NULL,'2026-01-01 03:52:43',NULL),(302,26,113,'admin',0,0,0,NULL,NULL,'2026-01-01 03:52:43',NULL),(303,26,115,'member',0,0,0,NULL,NULL,'2026-01-01 03:52:43',NULL),(304,26,131,'admin',0,0,0,NULL,NULL,'2026-01-01 03:52:43',NULL),(305,26,139,'member',0,0,0,NULL,NULL,'2026-01-01 03:52:43',NULL),(316,37,6,'admin',0,0,0,NULL,NULL,'2026-01-01 03:52:43',NULL),(317,37,9,'admin',0,0,0,NULL,NULL,'2026-01-01 03:52:43',NULL),(318,37,117,'member',0,0,0,NULL,NULL,'2026-01-01 03:52:43',NULL),(319,37,123,'member',0,0,0,NULL,NULL,'2026-01-01 03:52:43',NULL),(320,37,120,'member',0,0,0,NULL,NULL,'2026-01-01 03:52:43',NULL),(321,37,113,'member',0,0,0,NULL,NULL,'2026-01-01 03:52:43',NULL),(322,37,127,'member',0,0,0,NULL,NULL,'2026-01-01 03:52:43',NULL),(323,37,128,'admin',0,0,0,NULL,NULL,'2026-01-01 03:52:43',NULL),(324,37,112,'admin',0,0,0,NULL,NULL,'2026-01-01 03:52:43',NULL),(325,37,134,'admin',0,0,0,NULL,NULL,'2026-01-01 03:52:43',NULL),(326,37,141,'member',0,0,0,NULL,NULL,'2026-01-01 03:52:43',NULL),(327,37,142,'member',0,0,0,NULL,NULL,'2026-01-01 03:52:43',NULL),(328,37,146,'member',0,0,0,NULL,NULL,'2026-01-01 03:52:43',NULL),(329,37,145,'member',0,0,0,NULL,NULL,'2026-01-01 03:52:43',NULL),(330,37,148,'member',0,0,0,NULL,NULL,'2026-01-01 03:52:43',NULL),(331,37,152,'member',0,0,0,NULL,NULL,'2026-01-01 03:52:43',NULL),(332,37,162,'member',0,0,0,NULL,NULL,'2026-01-01 03:52:43',NULL),(333,37,173,'member',0,0,0,NULL,NULL,'2026-01-01 03:52:43',NULL),(334,37,172,'member',0,0,0,NULL,NULL,'2026-01-01 03:52:43',NULL),(335,38,6,'admin',0,0,0,NULL,NULL,'2026-01-01 03:52:43',NULL),(336,38,9,'admin',0,0,0,NULL,NULL,'2026-01-01 03:52:43',NULL),(337,38,127,'admin',0,0,0,NULL,NULL,'2026-01-01 03:52:43',NULL),(338,38,112,'admin',0,0,0,NULL,NULL,'2026-01-01 03:52:43',NULL),(339,38,134,'admin',0,0,0,NULL,NULL,'2026-01-01 03:52:43',NULL),(340,38,139,'admin',0,0,0,NULL,NULL,'2026-01-01 03:52:43',NULL),(353,51,6,'admin',0,0,0,NULL,NULL,'2026-01-01 03:52:43',NULL),(354,51,9,'admin',0,0,0,NULL,NULL,'2026-01-01 03:52:43',NULL),(355,51,123,'admin',0,0,0,NULL,NULL,'2026-01-01 03:52:43',NULL),(356,51,120,'member',0,0,0,NULL,NULL,'2026-01-01 03:52:43',NULL),(357,51,122,'member',0,0,0,NULL,NULL,'2026-01-01 03:52:43',NULL),(358,51,118,'member',0,0,0,NULL,NULL,'2026-01-01 03:52:43',NULL),(359,51,115,'member',0,0,0,NULL,NULL,'2026-01-01 03:52:43',NULL),(360,51,126,'member',0,0,0,NULL,NULL,'2026-01-01 03:52:43',NULL),(361,51,78,'member',0,0,0,NULL,NULL,'2026-01-01 03:52:43',NULL),(362,51,128,'admin',0,0,0,NULL,NULL,'2026-01-01 03:52:43',NULL),(363,51,99,'member',0,0,0,NULL,NULL,'2026-01-01 03:52:43',NULL),(364,51,134,'member',0,0,0,NULL,NULL,'2026-01-01 03:52:43',NULL),(365,51,155,'member',0,0,0,NULL,NULL,'2026-01-01 03:52:43',NULL),(366,51,154,'member',0,0,0,NULL,NULL,'2026-01-01 03:52:43',NULL),(367,51,159,'member',0,0,0,NULL,NULL,'2026-01-01 03:52:43',NULL),(368,51,164,'admin',0,0,0,NULL,NULL,'2026-01-01 03:52:43',NULL),(369,52,6,'admin',0,0,0,NULL,NULL,'2026-01-01 03:52:43',NULL),(370,52,116,'admin',0,0,0,NULL,NULL,'2026-01-01 03:52:43',NULL),(371,52,117,'admin',0,0,0,NULL,NULL,'2026-01-01 03:52:43',NULL),(372,52,123,'admin',0,0,0,NULL,NULL,'2026-01-01 03:52:43',NULL),(373,52,118,'member',0,0,0,NULL,NULL,'2026-01-01 03:52:43',NULL),(374,52,113,'admin',0,0,0,NULL,NULL,'2026-01-01 03:52:43',NULL),(375,52,127,'admin',0,0,0,NULL,NULL,'2026-01-01 03:52:43',NULL),(376,52,126,'admin',0,0,0,NULL,NULL,'2026-01-01 03:52:43',NULL),(377,52,78,'member',0,0,0,NULL,NULL,'2026-01-01 03:52:43',NULL),(378,52,128,'admin',0,0,0,NULL,NULL,'2026-01-01 03:52:43',NULL),(379,52,132,'member',0,0,0,NULL,NULL,'2026-01-01 03:52:43',NULL),(380,52,134,'admin',0,0,0,NULL,NULL,'2026-01-01 03:52:43',NULL),(381,52,138,'member',0,0,0,NULL,NULL,'2026-01-01 03:52:43',NULL),(382,52,141,'admin',0,0,0,NULL,NULL,'2026-01-01 03:52:43',NULL),(383,52,146,'member',0,0,0,NULL,NULL,'2026-01-01 03:52:43',NULL),(384,52,152,'admin',0,0,0,NULL,NULL,'2026-01-01 03:52:43',NULL),(385,52,155,'member',0,0,0,NULL,NULL,'2026-01-01 03:52:43',NULL),(386,52,158,'admin',0,0,0,NULL,NULL,'2026-01-01 03:52:43',NULL),(387,52,159,'member',0,0,0,NULL,NULL,'2026-01-01 03:52:43',NULL),(388,52,160,'member',0,0,0,NULL,NULL,'2026-01-01 03:52:43',NULL),(389,52,161,'member',0,0,0,NULL,NULL,'2026-01-01 03:52:43',NULL),(390,52,163,'member',0,0,0,NULL,NULL,'2026-01-01 03:52:43',NULL),(391,52,100,'member',0,0,0,NULL,NULL,'2026-01-01 03:52:43',NULL),(392,52,167,'member',0,0,0,NULL,NULL,'2026-01-01 03:52:43',NULL),(393,52,173,'member',0,0,0,NULL,NULL,'2026-01-01 03:52:43',NULL),(394,53,6,'admin',0,0,0,NULL,NULL,'2026-01-01 03:52:43',NULL),(395,53,123,'admin',0,0,0,NULL,NULL,'2026-01-01 03:52:43',NULL),(396,53,120,'admin',0,0,0,NULL,NULL,'2026-01-01 03:52:43',NULL),(397,53,122,'admin',0,0,0,NULL,NULL,'2026-01-01 03:52:43',NULL),(398,53,126,'member',0,0,0,NULL,NULL,'2026-01-01 03:52:43',NULL),(399,53,128,'admin',0,0,0,NULL,NULL,'2026-01-01 03:52:43',NULL),(400,53,112,'member',0,0,0,NULL,NULL,'2026-01-01 03:52:43',NULL),(401,53,154,'member',0,0,0,NULL,NULL,'2026-01-01 03:52:43',NULL),(402,53,159,'admin',0,0,0,NULL,NULL,'2026-01-01 03:52:43',NULL),(403,53,171,'member',0,0,0,NULL,NULL,'2026-01-01 03:52:43',NULL),(427,77,6,'admin',0,0,0,NULL,NULL,'2026-01-01 03:52:43',NULL),(428,77,9,'admin',0,0,0,NULL,NULL,'2026-01-01 03:52:43',NULL),(429,77,117,'admin',0,0,0,NULL,NULL,'2026-01-01 03:52:43',NULL),(430,77,122,'admin',0,0,0,NULL,NULL,'2026-01-01 03:52:43',NULL),(431,77,124,'admin',0,0,0,NULL,NULL,'2026-01-01 03:52:43',NULL),(432,77,113,'admin',0,0,0,NULL,NULL,'2026-01-01 03:52:43',NULL),(433,77,127,'admin',0,0,0,NULL,NULL,'2026-01-01 03:52:43',NULL),(434,77,115,'member',0,0,0,NULL,NULL,'2026-01-01 03:52:43',NULL),(435,77,135,'admin',0,0,0,NULL,NULL,'2026-01-01 03:52:43',NULL),(436,77,134,'admin',0,0,0,NULL,NULL,'2026-01-01 03:52:43',NULL),(437,77,139,'admin',0,0,0,NULL,NULL,'2026-01-01 03:52:43',NULL),(438,77,141,'admin',0,0,0,NULL,NULL,'2026-01-01 03:52:43',NULL),(439,77,152,'admin',0,0,0,NULL,NULL,'2026-01-01 03:52:43',NULL),(440,78,6,'admin',0,0,0,NULL,NULL,'2026-01-01 03:52:43',NULL),(441,78,9,'admin',0,0,0,NULL,NULL,'2026-01-01 03:52:43',NULL),(442,78,117,'admin',0,0,0,NULL,NULL,'2026-01-01 03:52:43',NULL),(443,78,123,'admin',0,0,0,NULL,NULL,'2026-01-01 03:52:43',NULL),(444,78,122,'admin',0,0,0,NULL,NULL,'2026-01-01 03:52:43',NULL),(445,78,113,'admin',0,0,0,NULL,NULL,'2026-01-01 03:52:43',NULL),(446,78,127,'admin',0,0,0,NULL,NULL,'2026-01-01 03:52:43',NULL),(447,78,115,'member',0,0,0,NULL,NULL,'2026-01-01 03:52:43',NULL),(448,78,112,'member',0,0,0,NULL,NULL,'2026-01-01 03:52:43',NULL),(449,78,131,'member',0,0,0,NULL,NULL,'2026-01-01 03:52:43',NULL),(450,78,134,'admin',0,0,0,NULL,NULL,'2026-01-01 03:52:43',NULL),(451,78,141,'admin',0,0,0,NULL,NULL,'2026-01-01 03:52:43',NULL),(452,78,146,'member',0,0,0,NULL,NULL,'2026-01-01 03:52:43',NULL),(453,78,148,'member',0,0,0,NULL,NULL,'2026-01-01 03:52:43',NULL),(454,78,152,'admin',0,0,0,NULL,NULL,'2026-01-01 03:52:43',NULL),(455,78,162,'member',0,0,0,NULL,NULL,'2026-01-01 03:52:43',NULL),(456,79,6,'admin',0,0,0,NULL,NULL,'2026-01-01 03:52:43',NULL),(459,82,6,'admin',0,0,0,NULL,NULL,'2026-01-01 03:52:43',NULL),(460,82,116,'admin',0,0,0,NULL,NULL,'2026-01-01 03:52:43',NULL),(461,82,123,'admin',0,0,0,NULL,NULL,'2026-01-01 03:52:43',NULL),(462,82,120,'admin',0,0,0,NULL,NULL,'2026-01-01 03:52:43',NULL),(463,82,122,'admin',0,0,0,NULL,NULL,'2026-01-01 03:52:43',NULL),(464,82,128,'admin',0,0,0,NULL,NULL,'2026-01-01 03:52:43',NULL),(465,82,154,'member',0,0,0,NULL,NULL,'2026-01-01 03:52:43',NULL),(466,82,101,'member',0,0,0,NULL,NULL,'2026-01-01 03:52:43',NULL),(467,82,171,'member',0,0,0,NULL,NULL,'2026-01-01 03:52:43',NULL),(468,83,6,'admin',0,0,0,NULL,NULL,'2026-01-01 03:52:43',NULL),(469,83,9,'admin',0,0,0,NULL,NULL,'2026-01-01 03:52:43',NULL),(470,83,122,'member',0,0,0,NULL,NULL,'2026-01-01 03:52:43',NULL),(471,83,127,'admin',0,0,0,NULL,NULL,'2026-01-01 03:52:43',NULL),(472,83,128,'admin',0,0,0,NULL,NULL,'2026-01-01 03:52:43',NULL),(473,83,112,'member',0,0,0,NULL,NULL,'2026-01-01 03:52:43',NULL),(474,83,130,'member',0,0,0,NULL,NULL,'2026-01-01 03:52:43',NULL),(475,83,134,'admin',0,0,0,NULL,NULL,'2026-01-01 03:52:44',NULL),(476,83,138,'member',0,0,0,NULL,NULL,'2026-01-01 03:52:44',NULL),(477,83,139,'admin',0,0,0,NULL,NULL,'2026-01-01 03:52:44',NULL),(478,83,140,'member',0,0,0,NULL,NULL,'2026-01-01 03:52:44',NULL),(479,83,141,'member',0,0,0,NULL,NULL,'2026-01-01 03:52:44',NULL),(480,83,142,'member',0,0,0,NULL,NULL,'2026-01-01 03:52:44',NULL),(481,83,148,'member',0,0,0,NULL,NULL,'2026-01-01 03:52:44',NULL),(482,83,152,'admin',0,0,0,NULL,NULL,'2026-01-01 03:52:44',NULL),(483,83,158,'admin',0,0,0,NULL,NULL,'2026-01-01 03:52:44',NULL),(484,83,161,'member',0,0,0,NULL,NULL,'2026-01-01 03:52:44',NULL),(485,83,162,'member',0,0,0,NULL,NULL,'2026-01-01 03:52:44',NULL),(486,83,163,'member',0,0,0,NULL,NULL,'2026-01-01 03:52:44',NULL),(487,83,166,'member',0,0,0,NULL,NULL,'2026-01-01 03:52:44',NULL),(488,83,100,'member',0,0,0,NULL,NULL,'2026-01-01 03:52:44',NULL),(489,83,167,'member',0,0,0,NULL,NULL,'2026-01-01 03:52:44',NULL),(490,83,173,'member',0,0,0,NULL,NULL,'2026-01-01 03:52:44',NULL),(491,83,91,'member',0,0,0,NULL,NULL,'2026-01-01 03:52:44',NULL),(492,84,6,'admin',0,0,0,NULL,NULL,'2026-01-01 03:52:44',NULL),(493,84,116,'admin',0,0,0,NULL,NULL,'2026-01-01 03:52:44',NULL),(494,84,123,'admin',0,0,0,NULL,NULL,'2026-01-01 03:52:44',NULL),(495,84,122,'admin',0,0,0,NULL,NULL,'2026-01-01 03:52:44',NULL),(496,84,126,'admin',0,0,0,NULL,NULL,'2026-01-01 03:52:44',NULL),(497,84,128,'admin',0,0,0,NULL,NULL,'2026-01-01 03:52:44',NULL),(498,84,159,'admin',0,0,0,NULL,NULL,'2026-01-01 03:52:44',NULL),(499,85,6,'admin',0,0,0,NULL,NULL,'2026-01-01 03:52:44',NULL),(500,85,9,'admin',0,0,0,NULL,NULL,'2026-01-01 03:52:44',NULL),(501,85,120,'member',0,0,0,NULL,NULL,'2026-01-01 03:52:44',NULL),(502,85,121,'admin',0,0,0,NULL,NULL,'2026-01-01 03:52:44',NULL),(503,85,124,'admin',0,0,0,NULL,NULL,'2026-01-01 03:52:44',NULL),(504,85,119,'admin',0,0,0,NULL,NULL,'2026-01-01 03:52:44',NULL),(505,85,118,'member',0,0,0,NULL,NULL,'2026-01-01 03:52:44',NULL),(506,85,125,'admin',0,0,0,NULL,NULL,'2026-01-01 03:52:44',NULL),(507,85,113,'member',0,0,0,NULL,NULL,'2026-01-01 03:52:44',NULL),(508,85,115,'member',0,0,0,NULL,NULL,'2026-01-01 03:52:44',NULL),(509,85,126,'member',0,0,0,NULL,NULL,'2026-01-01 03:52:44',NULL),(510,85,129,'member',0,0,0,NULL,NULL,'2026-01-01 03:52:44',NULL),(511,85,128,'admin',0,0,0,NULL,NULL,'2026-01-01 03:52:44',NULL),(512,85,132,'member',0,0,0,NULL,NULL,'2026-01-01 03:52:44',NULL),(513,85,134,'admin',0,0,0,NULL,NULL,'2026-01-01 03:52:44',NULL),(514,85,136,'admin',0,0,0,NULL,NULL,'2026-01-01 03:52:44',NULL),(515,85,149,'member',0,0,0,NULL,NULL,'2026-01-01 03:52:44',NULL),(516,85,155,'member',0,0,0,NULL,NULL,'2026-01-01 03:52:44',NULL),(517,85,154,'member',0,0,0,NULL,NULL,'2026-01-01 03:52:44',NULL),(518,85,165,'member',0,0,0,NULL,NULL,'2026-01-01 03:52:44',NULL),(519,85,101,'member',0,0,0,NULL,NULL,'2026-01-01 03:52:44',NULL),(520,85,92,'member',0,0,0,NULL,NULL,'2026-01-01 03:52:44',NULL),(521,85,171,'member',0,0,0,NULL,NULL,'2026-01-01 03:52:44',NULL),(522,85,102,'member',0,0,0,NULL,NULL,'2026-01-01 03:52:44',NULL),(523,86,6,'admin',0,0,0,NULL,NULL,'2026-01-01 03:52:44',NULL),(524,86,9,'admin',0,0,0,NULL,NULL,'2026-01-01 03:52:44',NULL),(525,86,117,'member',0,0,0,NULL,NULL,'2026-01-01 03:52:44',NULL),(526,86,113,'admin',0,0,0,NULL,NULL,'2026-01-01 03:52:44',NULL),(527,86,127,'admin',0,0,0,NULL,NULL,'2026-01-01 03:52:44',NULL),(528,86,126,'admin',0,0,0,NULL,NULL,'2026-01-01 03:52:44',NULL),(529,86,112,'member',0,0,0,NULL,NULL,'2026-01-01 03:52:44',NULL),(530,86,130,'member',0,0,0,NULL,NULL,'2026-01-01 03:52:44',NULL),(531,86,133,'member',0,0,0,NULL,NULL,'2026-01-01 03:52:44',NULL),(532,86,134,'admin',0,0,0,NULL,NULL,'2026-01-01 03:52:44',NULL),(533,86,138,'member',0,0,0,NULL,NULL,'2026-01-01 03:52:44',NULL),(534,86,141,'member',0,0,0,NULL,NULL,'2026-01-01 03:52:44',NULL),(535,86,142,'member',0,0,0,NULL,NULL,'2026-01-01 03:52:44',NULL),(536,86,155,'member',0,0,0,NULL,NULL,'2026-01-01 03:52:44',NULL),(537,86,160,'member',0,0,0,NULL,NULL,'2026-01-01 03:52:44',NULL),(538,86,162,'admin',0,0,0,NULL,NULL,'2026-01-01 03:52:44',NULL),(539,86,163,'member',0,0,0,NULL,NULL,'2026-01-01 03:52:44',NULL),(540,86,164,'admin',0,0,0,NULL,NULL,'2026-01-01 03:52:44',NULL),(541,86,166,'member',0,0,0,NULL,NULL,'2026-01-01 03:52:44',NULL),(542,86,167,'member',0,0,0,NULL,NULL,'2026-01-01 03:52:44',NULL),(543,86,169,'member',0,0,0,NULL,NULL,'2026-01-01 03:52:44',NULL),(544,86,173,'member',0,0,0,NULL,NULL,'2026-01-01 03:52:44',NULL),(545,86,172,'member',0,0,0,NULL,NULL,'2026-01-01 03:52:44',NULL),(546,86,91,'member',0,0,0,NULL,NULL,'2026-01-01 03:52:44',NULL),(547,87,6,'admin',0,0,0,NULL,NULL,'2026-01-01 03:52:44',NULL),(548,87,9,'admin',0,0,0,NULL,NULL,'2026-01-01 03:52:44',NULL),(549,87,123,'member',0,0,0,NULL,NULL,'2026-01-01 03:52:44',NULL),(550,87,122,'member',0,0,0,NULL,NULL,'2026-01-01 03:52:44',NULL),(551,87,118,'admin',0,0,0,NULL,NULL,'2026-01-01 03:52:44',NULL),(552,87,113,'admin',0,0,0,NULL,NULL,'2026-01-01 03:52:44',NULL),(553,87,127,'admin',0,0,0,NULL,NULL,'2026-01-01 03:52:44',NULL),(554,87,126,'member',0,0,0,NULL,NULL,'2026-01-01 03:52:44',NULL),(555,87,128,'admin',0,0,0,NULL,NULL,'2026-01-01 03:52:44',NULL),(556,87,112,'admin',0,0,0,NULL,NULL,'2026-01-01 03:52:44',NULL),(557,87,133,'member',0,0,0,NULL,NULL,'2026-01-01 03:52:44',NULL),(558,87,134,'admin',0,0,0,NULL,NULL,'2026-01-01 03:52:44',NULL),(559,87,138,'member',0,0,0,NULL,NULL,'2026-01-01 03:52:44',NULL),(560,87,141,'admin',0,0,0,NULL,NULL,'2026-01-01 03:52:44',NULL),(561,87,142,'member',0,0,0,NULL,NULL,'2026-01-01 03:52:44',NULL),(562,87,146,'member',0,0,0,NULL,NULL,'2026-01-01 03:52:44',NULL),(563,87,148,'member',0,0,0,NULL,NULL,'2026-01-01 03:52:44',NULL),(564,87,155,'member',0,0,0,NULL,NULL,'2026-01-01 03:52:44',NULL),(565,87,154,'member',0,0,0,NULL,NULL,'2026-01-01 03:52:44',NULL),(566,87,159,'admin',0,0,0,NULL,NULL,'2026-01-01 03:52:44',NULL),(567,87,166,'member',0,0,0,NULL,NULL,'2026-01-01 03:52:44',NULL),(568,87,89,'member',0,0,0,NULL,NULL,'2026-01-01 03:52:44',NULL),(569,87,170,'member',0,0,0,NULL,NULL,'2026-01-01 03:52:44',NULL),(570,87,105,'member',0,0,0,NULL,NULL,'2026-01-01 03:52:44',NULL),(571,88,6,'admin',0,0,0,NULL,NULL,'2026-01-01 03:52:44',NULL),(572,88,117,'member',0,0,0,NULL,NULL,'2026-01-01 03:52:44',NULL),(573,88,118,'admin',0,0,0,NULL,NULL,'2026-01-01 03:52:44',NULL),(574,88,113,'member',0,0,0,NULL,NULL,'2026-01-01 03:52:44',NULL),(575,88,127,'member',0,0,0,NULL,NULL,'2026-01-01 03:52:44',NULL),(576,88,126,'admin',0,0,0,NULL,NULL,'2026-01-01 03:52:44',NULL),(577,88,78,'member',0,0,0,NULL,NULL,'2026-01-01 03:52:44',NULL),(578,88,128,'admin',0,0,0,NULL,NULL,'2026-01-01 03:52:44',NULL),(579,88,130,'member',0,0,0,NULL,NULL,'2026-01-01 03:52:44',NULL),(580,88,132,'admin',0,0,0,NULL,NULL,'2026-01-01 03:52:44',NULL),(581,88,134,'admin',0,0,0,NULL,NULL,'2026-01-01 03:52:44',NULL),(582,88,138,'member',0,0,0,NULL,NULL,'2026-01-01 03:52:44',NULL),(583,88,141,'member',0,0,0,NULL,NULL,'2026-01-01 03:52:44',NULL),(584,88,146,'member',0,0,0,NULL,NULL,'2026-01-01 03:52:44',NULL),(585,88,152,'admin',0,0,0,NULL,NULL,'2026-01-01 03:52:44',NULL),(586,88,155,'member',0,0,0,NULL,NULL,'2026-01-01 03:52:44',NULL),(587,88,158,'admin',0,0,0,NULL,NULL,'2026-01-01 03:52:44',NULL),(588,88,159,'admin',0,0,0,NULL,NULL,'2026-01-01 03:52:44',NULL),(589,88,160,'admin',0,0,0,NULL,NULL,'2026-01-01 03:52:44',NULL),(590,88,161,'admin',0,0,0,NULL,NULL,'2026-01-01 03:52:44',NULL),(591,88,163,'admin',0,0,0,NULL,NULL,'2026-01-01 03:52:44',NULL),(592,88,100,'member',0,0,0,NULL,NULL,'2026-01-01 03:52:44',NULL),(593,88,167,'admin',0,0,0,NULL,NULL,'2026-01-01 03:52:44',NULL),(594,89,6,'admin',0,0,0,NULL,NULL,'2026-01-01 03:52:44',NULL),(616,111,6,'admin',0,0,0,NULL,NULL,'2026-01-01 03:52:44',NULL),(632,127,6,'admin',0,0,0,NULL,NULL,'2026-01-01 03:52:44',NULL),(633,127,9,'admin',0,0,0,NULL,NULL,'2026-01-01 03:52:44',NULL),(634,127,123,'admin',0,0,0,NULL,NULL,'2026-01-01 03:52:44',NULL),(635,127,120,'admin',0,0,0,NULL,NULL,'2026-01-01 03:52:44',NULL),(636,127,122,'admin',0,0,0,NULL,NULL,'2026-01-01 03:52:44',NULL),(637,127,115,'member',0,0,0,NULL,NULL,'2026-01-01 03:52:44',NULL),(638,127,126,'admin',0,0,0,NULL,NULL,'2026-01-01 03:52:44',NULL),(639,127,128,'admin',0,0,0,NULL,NULL,'2026-01-01 03:52:44',NULL),(640,127,136,'admin',0,0,0,NULL,NULL,'2026-01-01 03:52:44',NULL),(641,127,152,'member',0,0,0,NULL,NULL,'2026-01-01 03:52:44',NULL),(642,127,154,'admin',0,0,0,NULL,NULL,'2026-01-01 03:52:44',NULL),(643,127,159,'admin',0,0,0,NULL,NULL,'2026-01-01 03:52:44',NULL),(644,127,171,'member',0,0,0,NULL,NULL,'2026-01-01 03:52:44',NULL),(645,128,6,'admin',0,0,0,NULL,NULL,'2026-01-01 03:52:44',NULL),(646,128,116,'admin',0,0,0,NULL,NULL,'2026-01-01 03:52:44',NULL),(647,128,9,'admin',0,0,0,NULL,NULL,'2026-01-01 03:52:44',NULL),(648,128,117,'admin',0,0,0,NULL,NULL,'2026-01-01 03:52:44',NULL),(649,128,123,'admin',0,0,0,NULL,NULL,'2026-01-01 03:52:44',NULL),(650,128,124,'admin',0,0,0,NULL,NULL,'2026-01-01 03:52:44',NULL),(651,128,113,'admin',0,0,0,NULL,NULL,'2026-01-01 03:52:44',NULL),(652,128,127,'admin',0,0,0,NULL,NULL,'2026-01-01 03:52:44',NULL),(653,128,128,'admin',0,0,0,NULL,NULL,'2026-01-01 03:52:44',NULL),(654,128,112,'admin',0,0,0,NULL,NULL,'2026-01-01 03:52:44',NULL),(655,128,131,'admin',0,0,0,NULL,NULL,'2026-01-01 03:52:44',NULL),(656,128,134,'admin',0,0,0,NULL,NULL,'2026-01-01 03:52:44',NULL),(657,128,141,'admin',0,0,0,NULL,NULL,'2026-01-01 03:52:44',NULL),(658,128,145,'member',0,0,0,NULL,NULL,'2026-01-01 03:52:44',NULL),(659,128,148,'member',0,0,0,NULL,NULL,'2026-01-01 03:52:44',NULL),(660,128,152,'admin',0,0,0,NULL,NULL,'2026-01-01 03:52:44',NULL),(661,129,6,'admin',0,0,0,NULL,NULL,'2026-01-01 03:52:44',NULL),(662,129,123,'member',0,0,0,NULL,NULL,'2026-01-01 03:52:44',NULL),(663,129,113,'admin',0,0,0,NULL,NULL,'2026-01-01 03:52:44',NULL),(664,129,127,'admin',0,0,0,NULL,NULL,'2026-01-01 03:52:44',NULL),(665,129,126,'member',0,0,0,NULL,NULL,'2026-01-01 03:52:44',NULL),(666,129,112,'member',0,0,0,NULL,NULL,'2026-01-01 03:52:45',NULL),(667,129,135,'admin',0,0,0,NULL,NULL,'2026-01-01 03:52:45',NULL),(668,129,134,'admin',0,0,0,NULL,NULL,'2026-01-01 03:52:45',NULL),(669,129,142,'member',0,0,0,NULL,NULL,'2026-01-01 03:52:45',NULL),(670,129,146,'member',0,0,0,NULL,NULL,'2026-01-01 03:52:45',NULL),(671,129,145,'admin',0,0,0,NULL,NULL,'2026-01-01 03:52:45',NULL),(672,129,151,'member',0,0,0,NULL,NULL,'2026-01-01 03:52:45',NULL),(673,129,162,'member',0,0,0,NULL,NULL,'2026-01-01 03:52:45',NULL),(674,129,107,'member',0,0,0,NULL,NULL,'2026-01-01 03:52:45',NULL),(675,129,170,'member',0,0,0,NULL,NULL,'2026-01-01 03:52:45',NULL),(676,129,173,'admin',0,0,0,NULL,NULL,'2026-01-01 03:52:45',NULL),(677,129,172,'member',0,0,0,NULL,NULL,'2026-01-01 03:52:45',NULL),(678,130,6,'admin',0,0,0,NULL,NULL,'2026-01-01 03:52:45',NULL),(679,130,9,'admin',0,0,0,NULL,NULL,'2026-01-01 03:52:45',NULL),(680,130,115,'member',0,0,0,NULL,NULL,'2026-01-01 03:52:45',NULL),(681,130,112,'admin',0,0,0,NULL,NULL,'2026-01-01 03:52:45',NULL),(682,130,131,'member',0,0,0,NULL,NULL,'2026-01-01 03:52:45',NULL),(683,130,135,'admin',0,0,0,NULL,NULL,'2026-01-01 03:52:45',NULL),(684,130,139,'member',0,0,0,NULL,NULL,'2026-01-01 03:52:45',NULL),(685,130,164,'admin',0,0,0,NULL,NULL,'2026-01-01 03:52:45',NULL),(686,131,6,'admin',0,0,0,NULL,NULL,'2026-01-01 03:52:45',NULL),(687,131,9,'admin',0,0,0,NULL,NULL,'2026-01-01 03:52:45',NULL),(688,131,124,'admin',0,0,0,NULL,NULL,'2026-01-01 03:52:45',NULL),(689,131,119,'admin',0,0,0,NULL,NULL,'2026-01-01 03:52:45',NULL),(690,131,127,'member',0,0,0,NULL,NULL,'2026-01-01 03:52:45',NULL),(691,131,115,'member',0,0,0,NULL,NULL,'2026-01-01 03:52:45',NULL),(692,131,131,'member',0,0,0,NULL,NULL,'2026-01-01 03:52:45',NULL),(693,131,141,'admin',0,0,0,NULL,NULL,'2026-01-01 03:52:45',NULL),(694,131,164,'admin',0,0,0,NULL,NULL,'2026-01-01 03:52:45',NULL),(695,132,6,'admin',0,0,0,NULL,NULL,'2026-01-01 03:52:45',NULL),(696,132,9,'admin',0,0,0,NULL,NULL,'2026-01-01 03:52:45',NULL),(697,132,123,'admin',0,0,0,NULL,NULL,'2026-01-01 03:52:45',NULL),(698,132,122,'admin',0,0,0,NULL,NULL,'2026-01-01 03:52:45',NULL),(699,132,124,'admin',0,0,0,NULL,NULL,'2026-01-01 03:52:45',NULL),(700,132,119,'admin',0,0,0,NULL,NULL,'2026-01-01 03:52:45',NULL),(701,132,113,'admin',0,0,0,NULL,NULL,'2026-01-01 03:52:45',NULL),(702,132,127,'admin',0,0,0,NULL,NULL,'2026-01-01 03:52:45',NULL),(703,132,115,'member',0,0,0,NULL,NULL,'2026-01-01 03:52:45',NULL),(704,132,112,'member',0,0,0,NULL,NULL,'2026-01-01 03:52:45',NULL),(705,132,130,'admin',0,0,0,NULL,NULL,'2026-01-01 03:52:45',NULL),(706,132,134,'admin',0,0,0,NULL,NULL,'2026-01-01 03:52:45',NULL),(707,132,146,'admin',0,0,0,NULL,NULL,'2026-01-01 03:52:45',NULL),(708,132,164,'admin',0,0,0,NULL,NULL,'2026-01-01 03:52:45',NULL),(709,133,6,'admin',0,0,0,NULL,NULL,'2026-01-01 03:52:45',NULL),(723,147,6,'admin',0,0,0,NULL,NULL,'2026-01-01 03:52:45',NULL),(724,147,117,'admin',0,0,0,NULL,NULL,'2026-01-01 03:52:45',NULL),(725,147,123,'admin',0,0,0,NULL,NULL,'2026-01-01 03:52:45',NULL),(726,147,122,'admin',0,0,0,NULL,NULL,'2026-01-01 03:52:45',NULL),(727,147,121,'member',0,0,0,NULL,NULL,'2026-01-01 03:52:45',NULL),(728,147,124,'admin',0,0,0,NULL,NULL,'2026-01-01 03:52:45',NULL),(729,147,119,'admin',0,0,0,NULL,NULL,'2026-01-01 03:52:45',NULL),(730,147,113,'admin',0,0,0,NULL,NULL,'2026-01-01 03:52:45',NULL),(731,147,127,'admin',0,0,0,NULL,NULL,'2026-01-01 03:52:45',NULL),(732,147,128,'admin',0,0,0,NULL,NULL,'2026-01-01 03:52:45',NULL),(733,147,112,'member',0,0,0,NULL,NULL,'2026-01-01 03:52:45',NULL),(734,147,134,'admin',0,0,0,NULL,NULL,'2026-01-01 03:52:45',NULL),(735,147,138,'admin',0,0,0,NULL,NULL,'2026-01-01 03:52:45',NULL),(736,147,141,'admin',0,0,0,NULL,NULL,'2026-01-01 03:52:45',NULL),(737,147,146,'admin',0,0,0,NULL,NULL,'2026-01-01 03:52:45',NULL),(738,147,152,'admin',0,0,0,NULL,NULL,'2026-01-01 03:52:45',NULL),(739,147,164,'admin',0,0,0,NULL,NULL,'2026-01-01 03:52:45',NULL),(740,148,6,'admin',0,0,0,NULL,NULL,'2026-01-01 03:52:45',NULL),(744,152,6,'admin',0,0,0,NULL,NULL,'2026-01-01 03:52:45',NULL),(760,168,6,'admin',0,0,0,NULL,NULL,'2026-01-01 03:52:45',NULL),(761,168,9,'admin',0,0,0,NULL,NULL,'2026-01-01 03:52:45',NULL),(762,168,117,'admin',0,0,0,NULL,NULL,'2026-01-01 03:52:45',NULL),(763,168,123,'admin',0,0,0,NULL,NULL,'2026-01-01 03:52:45',NULL),(764,168,124,'admin',0,0,0,NULL,NULL,'2026-01-01 03:52:45',NULL),(765,168,119,'admin',0,0,0,NULL,NULL,'2026-01-01 03:52:45',NULL),(766,168,113,'admin',0,0,0,NULL,NULL,'2026-01-01 03:52:45',NULL),(767,168,127,'admin',0,0,0,NULL,NULL,'2026-01-01 03:52:45',NULL),(768,168,115,'member',0,0,0,NULL,NULL,'2026-01-01 03:52:45',NULL),(769,168,131,'member',0,0,0,NULL,NULL,'2026-01-01 03:52:45',NULL),(770,168,133,'member',0,0,0,NULL,NULL,'2026-01-01 03:52:45',NULL),(771,168,135,'admin',0,0,0,NULL,NULL,'2026-01-01 03:52:45',NULL),(772,168,134,'admin',0,0,0,NULL,NULL,'2026-01-01 03:52:45',NULL),(773,168,138,'admin',0,0,0,NULL,NULL,'2026-01-01 03:52:45',NULL),(774,168,141,'admin',0,0,0,NULL,NULL,'2026-01-01 03:52:45',NULL),(775,168,145,'member',0,0,0,NULL,NULL,'2026-01-01 03:52:45',NULL),(776,168,150,'member',0,0,0,NULL,NULL,'2026-01-01 03:52:45',NULL),(777,168,157,'member',0,0,0,NULL,NULL,'2026-01-01 03:52:45',NULL),(778,168,173,'admin',0,0,0,NULL,NULL,'2026-01-01 03:52:45',NULL),(779,169,6,'admin',0,0,0,NULL,NULL,'2026-01-01 03:52:45',NULL),(780,169,9,'admin',0,0,0,NULL,NULL,'2026-01-01 03:52:45',NULL),(781,169,123,'member',0,0,0,NULL,NULL,'2026-01-01 03:52:45',NULL),(782,169,121,'admin',0,0,0,NULL,NULL,'2026-01-01 03:52:45',NULL),(783,169,124,'admin',0,0,0,NULL,NULL,'2026-01-01 03:52:45',NULL),(784,169,119,'admin',0,0,0,NULL,NULL,'2026-01-01 03:52:45',NULL),(785,169,118,'member',0,0,0,NULL,NULL,'2026-01-01 03:52:45',NULL),(786,169,125,'admin',0,0,0,NULL,NULL,'2026-01-01 03:52:45',NULL),(787,169,127,'admin',0,0,0,NULL,NULL,'2026-01-01 03:52:45',NULL),(788,169,115,'member',0,0,0,NULL,NULL,'2026-01-01 03:52:45',NULL),(789,169,129,'admin',0,0,0,NULL,NULL,'2026-01-01 03:52:45',NULL),(790,169,128,'admin',0,0,0,NULL,NULL,'2026-01-01 03:52:45',NULL),(791,169,132,'member',0,0,0,NULL,NULL,'2026-01-01 03:52:45',NULL),(792,169,136,'admin',0,0,0,NULL,NULL,'2026-01-01 03:52:45',NULL),(793,169,149,'admin',0,0,0,NULL,NULL,'2026-01-01 03:52:45',NULL),(794,169,155,'admin',0,0,0,NULL,NULL,'2026-01-01 03:52:45',NULL),(795,169,165,'admin',0,0,0,NULL,NULL,'2026-01-01 03:52:45',NULL),(796,170,6,'admin',0,0,0,NULL,NULL,'2026-01-01 03:52:45',NULL),(797,170,9,'admin',0,0,0,NULL,NULL,'2026-01-01 03:52:45',NULL),(798,170,115,'member',0,0,0,NULL,NULL,'2026-01-01 03:52:45',NULL),(799,170,112,'admin',0,0,0,NULL,NULL,'2026-01-01 03:52:45',NULL),(800,170,131,'member',0,0,0,NULL,NULL,'2026-01-01 03:52:45',NULL),(801,170,135,'admin',0,0,0,NULL,NULL,'2026-01-01 03:52:45',NULL),(802,170,134,'admin',0,0,0,NULL,NULL,'2026-01-01 03:52:45',NULL),(803,170,139,'member',0,0,0,NULL,NULL,'2026-01-01 03:52:45',NULL),(804,170,164,'member',0,0,0,NULL,NULL,'2026-01-01 03:52:45',NULL),(805,171,6,'admin',0,0,0,NULL,NULL,'2026-01-01 03:52:45',NULL),(806,171,9,'admin',0,0,0,NULL,NULL,'2026-01-01 03:52:45',NULL),(807,171,117,'admin',0,0,0,NULL,NULL,'2026-01-01 03:52:45',NULL),(808,171,123,'admin',0,0,0,NULL,NULL,'2026-01-01 03:52:45',NULL),(809,171,120,'member',0,0,0,NULL,NULL,'2026-01-01 03:52:45',NULL),(810,171,122,'admin',0,0,0,NULL,NULL,'2026-01-01 03:52:45',NULL),(811,171,124,'admin',0,0,0,NULL,NULL,'2026-01-01 03:52:45',NULL),(812,171,118,'member',0,0,0,NULL,NULL,'2026-01-01 03:52:45',NULL),(813,171,113,'admin',0,0,0,NULL,NULL,'2026-01-01 03:52:45',NULL),(814,171,127,'admin',0,0,0,NULL,NULL,'2026-01-01 03:52:45',NULL),(815,171,126,'admin',0,0,0,NULL,NULL,'2026-01-01 03:52:45',NULL),(816,171,128,'admin',0,0,0,NULL,NULL,'2026-01-01 03:52:45',NULL),(817,171,112,'member',0,0,0,NULL,NULL,'2026-01-01 03:52:45',NULL),(818,171,132,'admin',0,0,0,NULL,NULL,'2026-01-01 03:52:45',NULL),(819,171,134,'admin',0,0,0,NULL,NULL,'2026-01-01 03:52:45',NULL),(820,171,136,'admin',0,0,0,NULL,NULL,'2026-01-01 03:52:45',NULL),(821,171,138,'admin',0,0,0,NULL,NULL,'2026-01-01 03:52:45',NULL),(822,171,142,'member',0,0,0,NULL,NULL,'2026-01-01 03:52:45',NULL),(823,171,146,'admin',0,0,0,NULL,NULL,'2026-01-01 03:52:45',NULL),(824,171,148,'member',0,0,0,NULL,NULL,'2026-01-01 03:52:45',NULL),(825,171,152,'admin',0,0,0,NULL,NULL,'2026-01-01 03:52:45',NULL),(826,171,155,'member',0,0,0,NULL,NULL,'2026-01-01 03:52:45',NULL),(827,171,154,'member',0,0,0,NULL,NULL,'2026-01-01 03:52:45',NULL),(828,171,159,'member',0,0,0,NULL,NULL,'2026-01-01 03:52:45',NULL),(829,171,161,'admin',0,0,0,NULL,NULL,'2026-01-01 03:52:45',NULL),(830,172,6,'admin',0,0,0,NULL,NULL,'2026-01-01 03:52:45',NULL),(831,172,9,'admin',0,0,0,NULL,NULL,'2026-01-01 03:52:45',NULL),(832,172,121,'admin',0,0,0,NULL,NULL,'2026-01-01 03:52:45',NULL),(833,172,124,'admin',0,0,0,NULL,NULL,'2026-01-01 03:52:45',NULL),(834,172,119,'admin',0,0,0,NULL,NULL,'2026-01-01 03:52:45',NULL),(835,172,125,'admin',0,0,0,NULL,NULL,'2026-01-01 03:52:45',NULL),(836,172,127,'admin',0,0,0,NULL,NULL,'2026-01-01 03:52:45',NULL),(837,172,115,'member',0,0,0,NULL,NULL,'2026-01-01 03:52:45',NULL),(838,172,129,'member',0,0,0,NULL,NULL,'2026-01-01 03:52:45',NULL),(839,172,128,'admin',0,0,0,NULL,NULL,'2026-01-01 03:52:45',NULL),(840,172,136,'admin',0,0,0,NULL,NULL,'2026-01-01 03:52:45',NULL),(841,172,164,'member',0,0,0,NULL,NULL,'2026-01-01 03:52:45',NULL),(842,173,6,'admin',0,0,0,NULL,NULL,'2026-01-01 03:52:45',NULL),(843,173,116,'admin',0,0,0,NULL,NULL,'2026-01-01 03:52:45',NULL),(844,173,9,'admin',0,0,0,NULL,NULL,'2026-01-01 03:52:45',NULL),(845,173,117,'admin',0,0,0,NULL,NULL,'2026-01-01 03:52:45',NULL),(846,173,123,'admin',0,0,0,NULL,NULL,'2026-01-01 03:52:45',NULL),(847,173,120,'member',0,0,0,NULL,NULL,'2026-01-01 03:52:45',NULL),(848,173,122,'admin',0,0,0,NULL,NULL,'2026-01-01 03:52:45',NULL),(849,173,121,'member',0,0,0,NULL,NULL,'2026-01-01 03:52:45',NULL),(850,173,124,'admin',0,0,0,NULL,NULL,'2026-01-01 03:52:45',NULL),(851,173,119,'member',0,0,0,NULL,NULL,'2026-01-01 03:52:45',NULL),(852,173,118,'member',0,0,0,NULL,NULL,'2026-01-01 03:52:45',NULL),(853,173,125,'member',0,0,0,NULL,NULL,'2026-01-01 03:52:45',NULL),(854,173,113,'admin',0,0,0,NULL,NULL,'2026-01-01 03:52:45',NULL),(855,173,127,'admin',0,0,0,NULL,NULL,'2026-01-01 03:52:45',NULL),(856,173,115,'member',0,0,0,NULL,NULL,'2026-01-01 03:52:45',NULL),(857,173,126,'member',0,0,0,NULL,NULL,'2026-01-01 03:52:45',NULL),(858,173,78,'member',0,0,0,NULL,NULL,'2026-01-01 03:52:45',NULL),(859,173,129,'member',0,0,0,NULL,NULL,'2026-01-01 03:52:45',NULL),(860,173,128,'member',0,0,0,NULL,NULL,'2026-01-01 03:52:45',NULL),(861,173,112,'admin',0,0,0,NULL,NULL,'2026-01-01 03:52:45',NULL),(862,173,80,'member',0,0,0,NULL,NULL,'2026-01-01 03:52:45',NULL),(863,173,131,'member',0,0,0,NULL,NULL,'2026-01-01 03:52:46',NULL),(864,173,130,'member',0,0,0,NULL,NULL,'2026-01-01 03:52:46',NULL),(865,173,132,'member',0,0,0,NULL,NULL,'2026-01-01 03:52:46',NULL),(866,173,133,'member',0,0,0,NULL,NULL,'2026-01-01 03:52:46',NULL),(867,173,135,'admin',0,0,0,NULL,NULL,'2026-01-01 03:52:46',NULL),(868,173,134,'admin',0,0,0,NULL,NULL,'2026-01-01 03:52:46',NULL),(869,173,136,'member',0,0,0,NULL,NULL,'2026-01-01 03:52:46',NULL),(870,173,138,'member',0,0,0,NULL,NULL,'2026-01-01 03:52:46',NULL),(871,173,139,'admin',0,0,0,NULL,NULL,'2026-01-01 03:52:46',NULL),(872,173,140,'member',0,0,0,NULL,NULL,'2026-01-01 03:52:46',NULL),(873,173,141,'admin',0,0,0,NULL,NULL,'2026-01-01 03:52:46',NULL),(874,173,142,'member',0,0,0,NULL,NULL,'2026-01-01 03:52:46',NULL),(875,173,143,'member',0,0,0,NULL,NULL,'2026-01-01 03:52:46',NULL),(876,173,146,'member',0,0,0,NULL,NULL,'2026-01-01 03:52:46',NULL),(877,173,144,'member',0,0,0,NULL,NULL,'2026-01-01 03:52:46',NULL),(878,173,145,'member',0,0,0,NULL,NULL,'2026-01-01 03:52:46',NULL),(879,173,149,'member',0,0,0,NULL,NULL,'2026-01-01 03:52:46',NULL),(880,173,148,'member',0,0,0,NULL,NULL,'2026-01-01 03:52:46',NULL),(881,173,151,'member',0,0,0,NULL,NULL,'2026-01-01 03:52:46',NULL),(882,173,150,'member',0,0,0,NULL,NULL,'2026-01-01 03:52:46',NULL),(883,173,152,'member',0,0,0,NULL,NULL,'2026-01-01 03:52:46',NULL),(884,173,153,'member',0,0,0,NULL,NULL,'2026-01-01 03:52:46',NULL),(885,173,155,'member',0,0,0,NULL,NULL,'2026-01-01 03:52:46',NULL),(886,173,156,'member',0,0,0,NULL,NULL,'2026-01-01 03:52:46',NULL),(887,173,154,'member',0,0,0,NULL,NULL,'2026-01-01 03:52:46',NULL),(888,173,157,'member',0,0,0,NULL,NULL,'2026-01-01 03:52:46',NULL),(889,173,158,'member',0,0,0,NULL,NULL,'2026-01-01 03:52:46',NULL),(890,173,159,'member',0,0,0,NULL,NULL,'2026-01-01 03:52:46',NULL),(891,173,160,'member',0,0,0,NULL,NULL,'2026-01-01 03:52:46',NULL),(892,173,161,'member',0,0,0,NULL,NULL,'2026-01-01 03:52:46',NULL),(893,173,162,'member',0,0,0,NULL,NULL,'2026-01-01 03:52:46',NULL),(894,173,163,'member',0,0,0,NULL,NULL,'2026-01-01 03:52:46',NULL),(895,173,164,'admin',0,0,0,NULL,NULL,'2026-01-01 03:52:46',NULL),(896,173,165,'member',0,0,0,NULL,NULL,'2026-01-01 03:52:46',NULL),(897,173,166,'member',0,0,0,NULL,NULL,'2026-01-01 03:52:46',NULL),(898,173,167,'member',0,0,0,NULL,NULL,'2026-01-01 03:52:46',NULL),(899,173,170,'member',0,0,0,NULL,NULL,'2026-01-01 03:52:46',NULL),(900,173,173,'member',0,0,0,NULL,NULL,'2026-01-01 03:52:46',NULL),(901,173,109,'member',0,0,0,NULL,NULL,'2026-01-01 03:52:46',NULL),(902,173,172,'member',0,0,0,NULL,NULL,'2026-01-01 03:52:46',NULL),(903,173,91,'member',0,0,0,NULL,NULL,'2026-01-01 03:52:46',NULL),(904,173,92,'member',0,0,0,NULL,NULL,'2026-01-01 03:52:46',NULL),(905,173,171,'member',0,0,0,NULL,NULL,'2026-01-01 03:52:46',NULL),(906,173,94,'member',0,0,0,NULL,NULL,'2026-01-01 03:52:46',NULL),(907,174,6,'admin',0,0,0,NULL,NULL,'2026-01-01 03:52:46',NULL),(915,182,6,'admin',0,0,0,NULL,NULL,'2026-01-01 03:52:46',NULL),(916,182,9,'admin',0,0,0,NULL,NULL,'2026-01-01 03:52:46',NULL),(917,182,117,'admin',0,0,0,NULL,NULL,'2026-01-01 03:52:46',NULL),(918,182,123,'admin',0,0,0,NULL,NULL,'2026-01-01 03:52:46',NULL),(919,182,113,'admin',0,0,0,NULL,NULL,'2026-01-01 03:52:46',NULL),(920,182,127,'member',0,0,0,NULL,NULL,'2026-01-01 03:52:46',NULL),(921,182,112,'admin',0,0,0,NULL,NULL,'2026-01-01 03:52:46',NULL),(922,182,134,'admin',0,0,0,NULL,NULL,'2026-01-01 03:52:46',NULL),(923,182,139,'admin',0,0,0,NULL,NULL,'2026-01-01 03:52:46',NULL),(924,182,141,'admin',0,0,0,NULL,NULL,'2026-01-01 03:52:46',NULL),(925,182,146,'admin',0,0,0,NULL,NULL,'2026-01-01 03:52:46',NULL),(926,182,148,'member',0,0,0,NULL,NULL,'2026-01-01 03:52:46',NULL),(927,182,152,'admin',0,0,0,NULL,NULL,'2026-01-01 03:52:46',NULL),(928,183,6,'admin',0,0,0,NULL,NULL,'2026-01-01 03:52:46',NULL),(929,183,116,'admin',0,0,0,NULL,NULL,'2026-01-01 03:52:46',NULL),(930,183,117,'member',0,0,0,NULL,NULL,'2026-01-01 03:52:46',NULL),(931,183,123,'member',0,0,0,NULL,NULL,'2026-01-01 03:52:46',NULL),(932,183,118,'member',0,0,0,NULL,NULL,'2026-01-01 03:52:46',NULL),(933,183,113,'member',0,0,0,NULL,NULL,'2026-01-01 03:52:46',NULL),(934,183,127,'member',0,0,0,NULL,NULL,'2026-01-01 03:52:46',NULL),(935,183,126,'admin',0,0,0,NULL,NULL,'2026-01-01 03:52:46',NULL),(936,183,132,'member',0,0,0,NULL,NULL,'2026-01-01 03:52:46',NULL),(937,183,134,'admin',0,0,0,NULL,NULL,'2026-01-01 03:52:46',NULL),(938,183,141,'member',0,0,0,NULL,NULL,'2026-01-01 03:52:46',NULL),(939,183,152,'admin',0,0,0,NULL,NULL,'2026-01-01 03:52:46',NULL),(940,183,158,'admin',0,0,0,NULL,NULL,'2026-01-01 03:52:46',NULL),(941,183,160,'admin',0,0,0,NULL,NULL,'2026-01-01 03:52:46',NULL),(942,184,6,'admin',0,0,0,NULL,NULL,'2026-01-01 03:52:46',NULL),(943,184,9,'admin',0,0,0,NULL,NULL,'2026-01-01 03:52:46',NULL),(944,184,127,'admin',0,0,0,NULL,NULL,'2026-01-01 03:52:46',NULL),(945,184,115,'member',0,0,0,NULL,NULL,'2026-01-01 03:52:46',NULL),(946,184,135,'admin',0,0,0,NULL,NULL,'2026-01-01 03:52:46',NULL),(947,184,134,'admin',0,0,0,NULL,NULL,'2026-01-01 03:52:46',NULL),(948,184,145,'member',0,0,0,NULL,NULL,'2026-01-01 03:52:46',NULL),(949,185,6,'admin',0,0,0,NULL,NULL,'2026-01-01 03:52:46',NULL),(950,185,9,'admin',0,0,0,NULL,NULL,'2026-01-01 03:52:46',NULL),(951,185,121,'admin',0,0,0,NULL,NULL,'2026-01-01 03:52:46',NULL),(952,185,124,'admin',0,0,0,NULL,NULL,'2026-01-01 03:52:46',NULL),(953,185,119,'admin',0,0,0,NULL,NULL,'2026-01-01 03:52:46',NULL),(954,185,118,'member',0,0,0,NULL,NULL,'2026-01-01 03:52:46',NULL),(955,185,115,'member',0,0,0,NULL,NULL,'2026-01-01 03:52:46',NULL),(956,185,129,'member',0,0,0,NULL,NULL,'2026-01-01 03:52:46',NULL),(957,185,132,'member',0,0,0,NULL,NULL,'2026-01-01 03:52:46',NULL),(958,185,136,'admin',0,0,0,NULL,NULL,'2026-01-01 03:52:46',NULL),(959,186,6,'admin',0,0,0,NULL,NULL,'2026-01-01 03:52:46',NULL),(960,186,117,'member',0,0,0,NULL,NULL,'2026-01-01 03:52:46',NULL),(961,186,113,'member',0,0,0,NULL,NULL,'2026-01-01 03:52:46',NULL),(962,186,127,'member',0,0,0,NULL,NULL,'2026-01-01 03:52:46',NULL),(963,186,134,'admin',0,0,0,NULL,NULL,'2026-01-01 03:52:46',NULL),(964,186,138,'member',0,0,0,NULL,NULL,'2026-01-01 03:52:46',NULL),(965,186,63,'admin',0,0,0,NULL,NULL,'2026-01-01 03:52:46',NULL),(966,186,141,'member',0,0,0,NULL,NULL,'2026-01-01 03:52:46',NULL),(967,186,142,'member',0,0,0,NULL,NULL,'2026-01-01 03:52:46',NULL),(968,186,146,'member',0,0,0,NULL,NULL,'2026-01-01 03:52:46',NULL),(969,186,145,'member',0,0,0,NULL,NULL,'2026-01-01 03:52:46',NULL),(970,186,152,'member',0,0,0,NULL,NULL,'2026-01-01 03:52:46',NULL),(971,187,6,'admin',0,0,0,NULL,NULL,'2026-01-01 03:52:46',NULL),(972,187,9,'admin',0,0,0,NULL,NULL,'2026-01-01 03:52:46',NULL),(973,187,120,'member',0,0,0,NULL,NULL,'2026-01-01 03:52:46',NULL),(974,187,121,'member',0,0,0,NULL,NULL,'2026-01-01 03:52:46',NULL),(975,187,124,'admin',0,0,0,NULL,NULL,'2026-01-01 03:52:46',NULL),(976,187,119,'admin',0,0,0,NULL,NULL,'2026-01-01 03:52:46',NULL),(977,187,118,'member',0,0,0,NULL,NULL,'2026-01-01 03:52:46',NULL),(978,187,125,'admin',0,0,0,NULL,NULL,'2026-01-01 03:52:46',NULL),(979,187,127,'member',0,0,0,NULL,NULL,'2026-01-01 03:52:46',NULL),(980,187,115,'member',0,0,0,NULL,NULL,'2026-01-01 03:52:46',NULL),(981,187,126,'member',0,0,0,NULL,NULL,'2026-01-01 03:52:46',NULL),(982,187,129,'member',0,0,0,NULL,NULL,'2026-01-01 03:52:46',NULL),(983,187,132,'member',0,0,0,NULL,NULL,'2026-01-01 03:52:46',NULL),(984,187,136,'admin',0,0,0,NULL,NULL,'2026-01-01 03:52:46',NULL),(985,187,149,'member',0,0,0,NULL,NULL,'2026-01-01 03:52:46',NULL),(986,187,155,'member',0,0,0,NULL,NULL,'2026-01-01 03:52:46',NULL),(987,187,154,'member',0,0,0,NULL,NULL,'2026-01-01 03:52:46',NULL),(988,187,165,'member',0,0,0,NULL,NULL,'2026-01-01 03:52:46',NULL),(989,187,101,'member',0,0,0,NULL,NULL,'2026-01-01 03:52:46',NULL),(990,187,171,'member',0,0,0,NULL,NULL,'2026-01-01 03:52:46',NULL),(991,187,102,'member',0,0,0,NULL,NULL,'2026-01-01 03:52:46',NULL),(992,188,6,'admin',0,0,0,NULL,NULL,'2026-01-01 03:52:46',NULL),(993,188,116,'admin',0,0,0,NULL,NULL,'2026-01-01 03:52:46',NULL),(994,188,9,'admin',0,0,0,NULL,NULL,'2026-01-01 03:52:46',NULL),(995,188,113,'admin',0,0,0,NULL,NULL,'2026-01-01 03:52:46',NULL),(996,188,127,'member',0,0,0,NULL,NULL,'2026-01-01 03:52:46',NULL),(997,188,128,'admin',0,0,0,NULL,NULL,'2026-01-01 03:52:46',NULL),(998,188,110,'member',0,0,0,NULL,NULL,'2026-01-01 03:52:46',NULL),(999,189,6,'admin',0,0,0,NULL,NULL,'2026-01-01 03:52:46',NULL),(1000,189,9,'admin',0,0,0,NULL,NULL,'2026-01-01 03:52:46',NULL),(1001,189,117,'member',0,0,0,NULL,NULL,'2026-01-01 03:52:46',NULL),(1002,189,115,'member',0,0,0,NULL,NULL,'2026-01-01 03:52:46',NULL),(1003,189,128,'admin',0,0,0,NULL,NULL,'2026-01-01 03:52:46',NULL),(1004,189,135,'admin',0,0,0,NULL,NULL,'2026-01-01 03:52:46',NULL),(1005,189,134,'admin',0,0,0,NULL,NULL,'2026-01-01 03:52:46',NULL),(1006,189,136,'member',0,0,0,NULL,NULL,'2026-01-01 03:52:46',NULL),(1007,189,138,'admin',0,0,0,NULL,NULL,'2026-01-01 03:52:46',NULL),(1008,189,145,'member',0,0,0,NULL,NULL,'2026-01-01 03:52:46',NULL),(1009,189,159,'member',0,0,0,NULL,NULL,'2026-01-01 03:52:46',NULL),(1010,189,160,'member',0,0,0,NULL,NULL,'2026-01-01 03:52:46',NULL),(1011,189,173,'admin',0,0,0,NULL,NULL,'2026-01-01 03:52:46',NULL),(1012,190,6,'admin',0,0,0,NULL,NULL,'2026-01-01 03:52:46',NULL),(1030,208,6,'admin',0,0,0,NULL,NULL,'2026-01-01 03:52:46',NULL),(1031,208,116,'member',0,0,0,NULL,NULL,'2026-01-01 03:52:46',NULL),(1032,208,9,'admin',0,0,0,NULL,NULL,'2026-01-01 03:52:46',NULL),(1033,208,123,'member',0,0,0,NULL,NULL,'2026-01-01 03:52:46',NULL),(1034,208,120,'member',0,0,0,NULL,NULL,'2026-01-01 03:52:46',NULL),(1035,208,122,'member',0,0,0,NULL,NULL,'2026-01-01 03:52:46',NULL),(1036,208,127,'admin',0,0,0,NULL,NULL,'2026-01-01 03:52:46',NULL),(1037,208,148,'admin',0,0,0,NULL,NULL,'2026-01-01 03:52:46',NULL),(1038,208,152,'admin',0,0,0,NULL,NULL,'2026-01-01 03:52:46',NULL),(1039,208,154,'member',0,0,0,NULL,NULL,'2026-01-01 03:52:46',NULL),(1040,208,158,'admin',0,0,0,NULL,NULL,'2026-01-01 03:52:46',NULL),(1041,209,6,'admin',0,0,0,NULL,NULL,'2026-01-01 03:52:46',NULL),(1042,209,116,'admin',0,0,0,NULL,NULL,'2026-01-01 03:52:46',NULL),(1043,209,9,'admin',0,0,0,NULL,NULL,'2026-01-01 03:52:46',NULL),(1044,209,113,'admin',0,0,0,NULL,NULL,'2026-01-01 03:52:46',NULL),(1045,209,164,'admin',0,0,0,NULL,NULL,'2026-01-01 03:52:46',NULL),(1046,210,6,'admin',0,0,0,NULL,NULL,'2026-01-01 03:52:46',NULL),(1047,210,9,'admin',0,0,0,NULL,NULL,'2026-01-01 03:52:46',NULL),(1048,210,127,'member',0,0,0,NULL,NULL,'2026-01-01 03:52:46',NULL),(1049,210,134,'member',0,0,0,NULL,NULL,'2026-01-01 03:52:46',NULL),(1050,210,141,'admin',0,0,0,NULL,NULL,'2026-01-01 03:52:46',NULL),(1051,211,6,'admin',0,0,0,NULL,NULL,'2026-01-01 03:52:46',NULL),(1052,211,116,'admin',0,0,0,NULL,NULL,'2026-01-01 03:52:46',NULL),(1053,211,9,'admin',0,0,0,NULL,NULL,'2026-01-01 03:52:46',NULL),(1054,211,123,'admin',0,0,0,NULL,NULL,'2026-01-01 03:52:46',NULL),(1055,211,122,'admin',0,0,0,NULL,NULL,'2026-01-01 03:52:46',NULL),(1056,211,127,'member',0,0,0,NULL,NULL,'2026-01-01 03:52:46',NULL),(1057,211,112,'member',0,0,0,NULL,NULL,'2026-01-01 03:52:46',NULL),(1058,211,134,'admin',0,0,0,NULL,NULL,'2026-01-01 03:52:46',NULL),(1059,211,152,'admin',0,0,0,NULL,NULL,'2026-01-01 03:52:46',NULL),(1060,212,6,'admin',0,0,0,NULL,NULL,'2026-01-01 03:52:46',NULL),(1083,235,6,'admin',0,0,0,NULL,NULL,'2026-01-01 03:52:47',NULL),(1084,235,116,'admin',0,0,0,NULL,NULL,'2026-01-01 03:52:47',NULL),(1085,235,9,'admin',0,0,0,NULL,NULL,'2026-01-01 03:52:47',NULL),(1086,235,124,'admin',0,0,0,NULL,NULL,'2026-01-01 03:52:47',NULL),(1087,235,119,'admin',0,0,0,NULL,NULL,'2026-01-01 03:52:47',NULL),(1088,235,118,'member',0,0,0,NULL,NULL,'2026-01-01 03:52:47',NULL),(1089,235,125,'admin',0,0,0,NULL,NULL,'2026-01-01 03:52:47',NULL),(1090,235,127,'member',0,0,0,NULL,NULL,'2026-01-01 03:52:47',NULL),(1091,235,115,'member',0,0,0,NULL,NULL,'2026-01-01 03:52:47',NULL),(1092,235,129,'member',0,0,0,NULL,NULL,'2026-01-01 03:52:47',NULL),(1093,235,128,'admin',0,0,0,NULL,NULL,'2026-01-01 03:52:47',NULL),(1094,235,136,'member',0,0,0,NULL,NULL,'2026-01-01 03:52:47',NULL),(1095,235,149,'member',0,0,0,NULL,NULL,'2026-01-01 03:52:47',NULL),(1096,235,155,'admin',0,0,0,NULL,NULL,'2026-01-01 03:52:47',NULL),(1097,235,165,'member',0,0,0,NULL,NULL,'2026-01-01 03:52:47',NULL),(1098,235,92,'member',0,0,0,NULL,NULL,'2026-01-01 03:52:47',NULL),(1099,235,102,'member',0,0,0,NULL,NULL,'2026-01-01 03:52:47',NULL),(1100,236,6,'admin',0,0,0,NULL,NULL,'2026-01-01 03:52:47',NULL),(1101,236,9,'admin',0,0,0,NULL,NULL,'2026-01-01 03:52:47',NULL),(1102,236,120,'admin',0,0,0,NULL,NULL,'2026-01-01 03:52:47',NULL),(1103,236,124,'admin',0,0,0,NULL,NULL,'2026-01-01 03:52:47',NULL),(1104,236,119,'admin',0,0,0,NULL,NULL,'2026-01-01 03:52:47',NULL),(1105,236,125,'member',0,0,0,NULL,NULL,'2026-01-01 03:52:47',NULL),(1106,236,127,'admin',0,0,0,NULL,NULL,'2026-01-01 03:52:47',NULL),(1107,236,115,'member',0,0,0,NULL,NULL,'2026-01-01 03:52:47',NULL),(1108,236,129,'member',0,0,0,NULL,NULL,'2026-01-01 03:52:47',NULL),(1109,236,134,'admin',0,0,0,NULL,NULL,'2026-01-01 03:52:47',NULL),(1110,236,136,'admin',0,0,0,NULL,NULL,'2026-01-01 03:52:47',NULL),(1111,236,149,'member',0,0,0,NULL,NULL,'2026-01-01 03:52:47',NULL),(1112,237,6,'admin',0,0,0,NULL,NULL,'2026-01-01 03:52:47',NULL),(1113,237,9,'admin',0,0,0,NULL,NULL,'2026-01-01 03:52:47',NULL),(1114,237,123,'admin',0,0,0,NULL,NULL,'2026-01-01 03:52:47',NULL),(1115,237,122,'admin',0,0,0,NULL,NULL,'2026-01-01 03:52:47',NULL),(1116,237,124,'admin',0,0,0,NULL,NULL,'2026-01-01 03:52:47',NULL),(1117,237,119,'admin',0,0,0,NULL,NULL,'2026-01-01 03:52:47',NULL),(1118,237,125,'member',0,0,0,NULL,NULL,'2026-01-01 03:52:47',NULL),(1119,237,113,'admin',0,0,0,NULL,NULL,'2026-01-01 03:52:47',NULL),(1120,237,115,'member',0,0,0,NULL,NULL,'2026-01-01 03:52:47',NULL),(1121,237,111,'admin',0,0,0,NULL,NULL,'2026-01-01 03:52:47',NULL),(1122,237,138,'admin',0,0,0,NULL,NULL,'2026-01-01 03:52:47',NULL),(1123,238,6,'admin',0,0,0,NULL,NULL,'2026-01-01 03:52:47',NULL),(1124,238,9,'admin',0,0,0,NULL,NULL,'2026-01-01 03:52:47',NULL),(1125,238,123,'admin',0,0,0,NULL,NULL,'2026-01-01 03:52:47',NULL),(1126,238,122,'admin',0,0,0,NULL,NULL,'2026-01-01 03:52:47',NULL),(1127,238,121,'admin',0,0,0,NULL,NULL,'2026-01-01 03:52:47',NULL),(1128,238,124,'admin',0,0,0,NULL,NULL,'2026-01-01 03:52:47',NULL),(1129,238,119,'admin',0,0,0,NULL,NULL,'2026-01-01 03:52:47',NULL),(1130,238,125,'admin',0,0,0,NULL,NULL,'2026-01-01 03:52:47',NULL),(1131,238,115,'admin',0,0,0,NULL,NULL,'2026-01-01 03:52:47',NULL),(1132,238,129,'admin',0,0,0,NULL,NULL,'2026-01-01 03:52:47',NULL),(1133,238,112,'admin',0,0,0,NULL,NULL,'2026-01-01 03:52:47',NULL),(1134,238,135,'admin',0,0,0,NULL,NULL,'2026-01-01 03:52:47',NULL),(1135,238,164,'admin',0,0,0,NULL,NULL,'2026-01-01 03:52:47',NULL),(1136,239,6,'admin',0,0,0,NULL,NULL,'2026-01-01 03:52:47',NULL),(1137,239,123,'member',0,0,0,NULL,NULL,'2026-01-01 03:52:47',NULL),(1138,239,122,'member',0,0,0,NULL,NULL,'2026-01-01 03:52:47',NULL),(1139,239,134,'admin',0,0,0,NULL,NULL,'2026-01-01 03:52:47',NULL),(1140,239,138,'admin',0,0,0,NULL,NULL,'2026-01-01 03:52:47',NULL),(1141,239,142,'admin',0,0,0,NULL,NULL,'2026-01-01 03:52:47',NULL),(1142,239,162,'admin',0,0,0,NULL,NULL,'2026-01-01 03:52:47',NULL),(1143,239,172,'member',0,0,0,NULL,NULL,'2026-01-01 03:52:47',NULL),(1144,240,6,'admin',0,0,0,NULL,NULL,'2026-01-01 03:52:47',NULL),(1145,240,127,'member',0,0,0,NULL,NULL,'2026-01-01 03:52:47',NULL),(1146,240,115,'admin',0,0,0,NULL,NULL,'2026-01-01 03:52:47',NULL),(1147,240,112,'member',0,0,0,NULL,NULL,'2026-01-01 03:52:47',NULL),(1148,240,135,'admin',0,0,0,NULL,NULL,'2026-01-01 03:52:47',NULL),(1149,240,134,'admin',0,0,0,NULL,NULL,'2026-01-01 03:52:47',NULL),(1150,240,173,'admin',0,0,0,NULL,NULL,'2026-01-01 03:52:47',NULL),(1151,241,6,'admin',0,0,0,NULL,NULL,'2026-01-01 03:52:47',NULL),(1152,241,9,'admin',0,0,0,NULL,NULL,'2026-01-01 03:52:47',NULL),(1153,241,123,'admin',0,0,0,NULL,NULL,'2026-01-01 03:52:47',NULL),(1154,241,122,'admin',0,0,0,NULL,NULL,'2026-01-01 03:52:47',NULL),(1155,241,121,'admin',0,0,0,NULL,NULL,'2026-01-01 03:52:47',NULL),(1156,241,124,'admin',0,0,0,NULL,NULL,'2026-01-01 03:52:47',NULL),(1157,241,119,'admin',0,0,0,NULL,NULL,'2026-01-01 03:52:47',NULL),(1158,241,113,'admin',0,0,0,NULL,NULL,'2026-01-01 03:52:47',NULL),(1159,241,127,'admin',0,0,0,NULL,NULL,'2026-01-01 03:52:47',NULL),(1160,241,134,'admin',0,0,0,NULL,NULL,'2026-01-01 03:52:47',NULL),(1161,241,139,'admin',0,0,0,NULL,NULL,'2026-01-01 03:52:47',NULL),(1162,241,141,'admin',0,0,0,NULL,NULL,'2026-01-01 03:52:47',NULL),(1163,242,6,'admin',0,0,0,NULL,NULL,'2026-01-01 03:52:47',NULL),(1164,242,116,'admin',0,0,0,NULL,NULL,'2026-01-01 03:52:47',NULL),(1165,242,123,'member',0,0,0,NULL,NULL,'2026-01-01 03:52:47',NULL),(1166,242,120,'admin',0,0,0,NULL,NULL,'2026-01-01 03:52:47',NULL),(1167,242,122,'admin',0,0,0,NULL,NULL,'2026-01-01 03:52:47',NULL),(1168,242,127,'member',0,0,0,NULL,NULL,'2026-01-01 03:52:47',NULL),(1169,242,126,'admin',0,0,0,NULL,NULL,'2026-01-01 03:52:47',NULL),(1170,242,134,'member',0,0,0,NULL,NULL,'2026-01-01 03:52:47',NULL),(1171,242,152,'member',0,0,0,NULL,NULL,'2026-01-01 03:52:47',NULL),(1172,242,154,'admin',0,0,0,NULL,NULL,'2026-01-01 03:52:47',NULL),(1173,242,158,'admin',0,0,0,NULL,NULL,'2026-01-01 03:52:47',NULL),(1174,242,159,'admin',0,0,0,NULL,NULL,'2026-01-01 03:52:47',NULL),(1175,242,160,'admin',0,0,0,NULL,NULL,'2026-01-01 03:52:47',NULL),(1176,243,6,'admin',0,0,0,NULL,NULL,'2026-01-01 03:52:47',NULL),(1177,243,9,'member',0,0,0,NULL,NULL,'2026-01-01 03:52:47',NULL),(1178,243,123,'member',0,0,0,NULL,NULL,'2026-01-01 03:52:47',NULL),(1179,243,115,'admin',0,0,0,NULL,NULL,'2026-01-01 03:52:47',NULL),(1180,243,135,'admin',0,0,0,NULL,NULL,'2026-01-01 03:52:47',NULL),(1181,243,150,'member',0,0,0,NULL,NULL,'2026-01-01 03:52:47',NULL),(1182,244,6,'admin',0,0,0,NULL,NULL,'2026-01-01 03:52:47',NULL),(1183,244,116,'admin',0,0,0,NULL,NULL,'2026-01-01 03:52:47',NULL),(1184,244,117,'admin',0,0,0,NULL,NULL,'2026-01-01 03:52:47',NULL),(1185,244,123,'admin',0,0,0,NULL,NULL,'2026-01-01 03:52:47',NULL),(1186,244,120,'admin',0,0,0,NULL,NULL,'2026-01-01 03:52:47',NULL),(1187,244,122,'admin',0,0,0,NULL,NULL,'2026-01-01 03:52:47',NULL),(1188,244,124,'admin',0,0,0,NULL,NULL,'2026-01-01 03:52:47',NULL),(1189,244,118,'admin',0,0,0,NULL,NULL,'2026-01-01 03:52:47',NULL),(1190,244,113,'admin',0,0,0,NULL,NULL,'2026-01-01 03:52:47',NULL),(1191,244,127,'admin',0,0,0,NULL,NULL,'2026-01-01 03:52:47',NULL),(1192,244,115,'member',0,0,0,NULL,NULL,'2026-01-01 03:52:47','2026-01-04 16:26:01'),(1193,244,126,'admin',0,0,0,NULL,NULL,'2026-01-01 03:52:47',NULL),(1194,244,112,'admin',0,0,0,NULL,NULL,'2026-01-01 03:52:47',NULL),(1195,244,132,'admin',0,0,0,NULL,NULL,'2026-01-01 03:52:47',NULL),(1196,244,135,'admin',0,0,0,NULL,NULL,'2026-01-01 03:52:47',NULL),(1197,244,134,'admin',0,0,0,NULL,NULL,'2026-01-01 03:52:47',NULL),(1198,244,136,'admin',0,0,0,NULL,NULL,'2026-01-01 03:52:47',NULL),(1199,244,138,'admin',0,0,0,NULL,NULL,'2026-01-01 03:52:47',NULL),(1200,244,141,'admin',0,0,0,NULL,NULL,'2026-01-01 03:52:47',NULL),(1201,244,142,'member',0,0,0,NULL,NULL,'2026-01-01 03:52:47','2026-01-04 16:25:49'),(1202,244,146,'member',0,0,0,NULL,NULL,'2026-01-01 03:52:47','2026-01-04 16:24:32'),(1203,244,144,'member',0,0,0,NULL,NULL,'2026-01-01 03:52:47','2026-01-04 16:24:40'),(1204,244,145,'member',0,0,0,NULL,NULL,'2026-01-01 03:52:47','2026-01-04 16:25:27'),(1205,244,152,'admin',0,0,0,NULL,NULL,'2026-01-01 03:52:47',NULL),(1206,244,155,'admin',0,0,0,NULL,NULL,'2026-01-01 03:52:47',NULL),(1207,244,154,'admin',0,0,0,NULL,NULL,'2026-01-01 03:52:47',NULL),(1208,244,158,'admin',0,0,0,NULL,NULL,'2026-01-01 03:52:47',NULL),(1209,244,159,'admin',0,0,0,NULL,NULL,'2026-01-01 03:52:47',NULL),(1210,244,160,'admin',0,0,0,NULL,NULL,'2026-01-01 03:52:47',NULL),(1211,244,161,'admin',0,0,0,NULL,NULL,'2026-01-01 03:52:47',NULL),(1212,244,163,'admin',0,0,0,NULL,NULL,'2026-01-01 03:52:47',NULL),(1213,244,164,'admin',0,0,0,NULL,NULL,'2026-01-01 03:52:47',NULL),(1214,244,167,'member',0,0,0,NULL,NULL,'2026-01-01 03:52:47','2026-01-04 16:26:21'),(1215,244,173,'member',0,0,0,NULL,NULL,'2026-01-01 03:52:47','2026-01-04 16:26:13'),(1216,245,6,'admin',0,0,0,NULL,NULL,'2026-01-01 03:52:47',NULL),(1217,245,116,'admin',0,0,0,NULL,NULL,'2026-01-01 03:52:47',NULL),(1218,245,9,'admin',0,0,0,NULL,NULL,'2026-01-01 03:52:47',NULL),(1219,245,123,'member',0,0,0,NULL,NULL,'2026-01-01 03:52:47',NULL),(1220,245,122,'member',0,0,0,NULL,NULL,'2026-01-01 03:52:47',NULL),(1221,245,124,'member',0,0,0,NULL,NULL,'2026-01-01 03:52:47',NULL),(1222,245,113,'member',0,0,0,NULL,NULL,'2026-01-01 03:52:47',NULL),(1223,245,127,'member',0,0,0,NULL,NULL,'2026-01-01 03:52:47',NULL),(1224,245,115,'admin',0,0,0,NULL,NULL,'2026-01-01 03:52:47',NULL),(1225,245,112,'admin',0,0,0,NULL,NULL,'2026-01-01 03:52:47',NULL),(1226,245,134,'admin',0,0,0,NULL,NULL,'2026-01-01 03:52:47',NULL),(1227,246,6,'admin',0,0,0,NULL,NULL,'2026-01-01 03:52:47',NULL),(1228,246,120,'admin',0,0,0,NULL,NULL,'2026-01-01 03:52:47',NULL),(1229,246,124,'admin',0,0,0,NULL,NULL,'2026-01-01 03:52:47',NULL),(1230,246,129,'admin',0,0,0,NULL,NULL,'2026-01-01 03:52:47',NULL),(1231,246,135,'admin',0,0,0,NULL,NULL,'2026-01-01 03:52:47',NULL),(1232,246,134,'admin',0,0,0,NULL,NULL,'2026-01-01 03:52:47',NULL),(1233,247,6,'admin',0,0,0,NULL,NULL,'2026-01-01 03:52:47',NULL),(1234,247,117,'admin',0,0,0,NULL,NULL,'2026-01-01 03:52:47',NULL),(1235,247,123,'admin',0,0,0,NULL,NULL,'2026-01-01 03:52:47',NULL),(1236,247,122,'admin',0,0,0,NULL,NULL,'2026-01-01 03:52:47',NULL),(1237,247,119,'member',0,0,0,NULL,NULL,'2026-01-01 03:52:47',NULL),(1238,247,113,'admin',0,0,0,NULL,NULL,'2026-01-01 03:52:47',NULL),(1239,247,127,'admin',0,0,0,NULL,NULL,'2026-01-01 03:52:47',NULL),(1240,247,134,'admin',0,0,0,NULL,NULL,'2026-01-01 03:52:47',NULL),(1241,247,138,'member',0,0,0,NULL,NULL,'2026-01-01 03:52:47',NULL),(1242,247,141,'admin',0,0,0,NULL,NULL,'2026-01-01 03:52:47',NULL),(1243,247,142,'member',0,0,0,NULL,NULL,'2026-01-01 03:52:47',NULL),(1244,247,146,'admin',0,0,0,NULL,NULL,'2026-01-01 03:52:47',NULL),(1245,247,152,'admin',0,0,0,NULL,NULL,'2026-01-01 03:52:47',NULL),(1246,247,162,'admin',0,0,0,NULL,NULL,'2026-01-01 03:52:47',NULL),(1247,248,6,'admin',0,0,0,NULL,NULL,'2026-01-01 03:52:47',NULL),(1248,248,116,'admin',0,0,0,NULL,NULL,'2026-01-01 03:52:47',NULL),(1249,248,123,'admin',0,0,0,NULL,NULL,'2026-01-01 03:52:47',NULL),(1250,248,113,'member',0,0,0,NULL,NULL,'2026-01-01 03:52:47',NULL),(1251,248,126,'admin',0,0,0,NULL,NULL,'2026-01-01 03:52:47',NULL),(1252,249,6,'admin',0,0,0,NULL,NULL,'2026-01-01 03:52:47',NULL),(1253,249,117,'admin',0,0,0,NULL,NULL,'2026-01-01 03:52:47',NULL),(1254,249,123,'admin',0,0,0,NULL,NULL,'2026-01-01 03:52:47',NULL),(1255,249,120,'admin',0,0,0,NULL,NULL,'2026-01-01 03:52:47',NULL),(1256,249,122,'admin',0,0,0,NULL,NULL,'2026-01-01 03:52:47',NULL),(1257,249,118,'admin',0,0,0,NULL,NULL,'2026-01-01 03:52:47',NULL),(1258,249,113,'admin',0,0,0,NULL,NULL,'2026-01-01 03:52:47',NULL),(1259,249,127,'admin',0,0,0,NULL,NULL,'2026-01-01 03:52:47',NULL),(1260,249,126,'admin',0,0,0,NULL,NULL,'2026-01-01 03:52:47',NULL),(1261,249,132,'admin',0,0,0,NULL,NULL,'2026-01-01 03:52:47',NULL),(1262,249,133,'member',0,0,0,NULL,NULL,'2026-01-01 03:52:47',NULL),(1263,249,134,'admin',0,0,0,NULL,NULL,'2026-01-01 03:52:47',NULL),(1264,249,136,'admin',0,0,0,NULL,NULL,'2026-01-01 03:52:47',NULL),(1265,249,138,'admin',0,0,0,NULL,NULL,'2026-01-01 03:52:47',NULL),(1266,249,141,'admin',0,0,0,NULL,NULL,'2026-01-01 03:52:47',NULL),(1267,249,146,'admin',0,0,0,NULL,NULL,'2026-01-01 03:52:47',NULL),(1268,249,152,'admin',0,0,0,NULL,NULL,'2026-01-01 03:52:47',NULL),(1269,249,155,'admin',0,0,0,NULL,NULL,'2026-01-01 03:52:47',NULL),(1270,249,154,'member',0,0,0,NULL,NULL,'2026-01-01 03:52:47',NULL),(1271,249,158,'admin',0,0,0,NULL,NULL,'2026-01-01 03:52:47',NULL),(1272,249,159,'member',0,0,0,NULL,NULL,'2026-01-01 03:52:47',NULL),(1273,249,160,'admin',0,0,0,NULL,NULL,'2026-01-01 03:52:47',NULL),(1274,249,161,'admin',0,0,0,NULL,NULL,'2026-01-01 03:52:47',NULL),(1275,249,162,'admin',0,0,0,NULL,NULL,'2026-01-01 03:52:47',NULL),(1276,249,163,'admin',0,0,0,NULL,NULL,'2026-01-01 03:52:47',NULL),(1277,249,167,'admin',0,0,0,NULL,NULL,'2026-01-01 03:52:47',NULL),(1278,249,173,'admin',0,0,0,NULL,NULL,'2026-01-01 03:52:47',NULL),(1279,250,6,'admin',0,0,0,NULL,NULL,'2026-01-01 03:52:47',NULL),(1280,250,116,'admin',0,0,0,NULL,NULL,'2026-01-01 03:52:47',NULL),(1281,250,118,'admin',0,0,0,NULL,NULL,'2026-01-01 03:52:47',NULL),(1282,250,113,'admin',0,0,0,NULL,NULL,'2026-01-01 03:52:47',NULL),(1283,250,127,'admin',0,0,0,NULL,NULL,'2026-01-01 03:52:47',NULL),(1284,250,126,'admin',0,0,0,NULL,NULL,'2026-01-01 03:52:47',NULL),(1285,250,132,'admin',0,0,0,NULL,NULL,'2026-01-01 03:52:47',NULL),(1286,250,138,'admin',0,0,0,NULL,NULL,'2026-01-01 03:52:47',NULL),(1287,250,155,'member',0,0,0,NULL,NULL,'2026-01-01 03:52:47','2026-01-04 16:31:13'),(1288,250,158,'admin',0,0,0,NULL,NULL,'2026-01-01 03:52:47',NULL),(1289,250,159,'admin',0,0,0,NULL,NULL,'2026-01-01 03:52:47',NULL),(1290,250,160,'admin',0,0,0,NULL,NULL,'2026-01-01 03:52:47',NULL),(1291,250,161,'admin',0,0,0,NULL,NULL,'2026-01-01 03:52:47',NULL),(1292,251,6,'admin',0,0,0,NULL,NULL,'2026-01-01 03:52:47',NULL),(1293,251,9,'admin',0,0,0,NULL,NULL,'2026-01-01 03:52:47',NULL),(1294,251,122,'member',0,0,0,NULL,NULL,'2026-01-01 03:52:47',NULL),(1295,251,124,'member',0,0,0,NULL,NULL,'2026-01-01 03:52:47',NULL),(1296,251,113,'member',0,0,0,NULL,NULL,'2026-01-01 03:52:47',NULL),(1297,251,127,'member',0,0,0,NULL,NULL,'2026-01-01 03:52:47',NULL),(1298,251,132,'admin',0,0,0,NULL,NULL,'2026-01-01 03:52:48',NULL),(1299,251,134,'admin',0,0,0,NULL,NULL,'2026-01-01 03:52:48',NULL),(1300,251,136,'admin',0,0,0,NULL,NULL,'2026-01-01 03:52:48',NULL),(1301,251,138,'admin',0,0,0,NULL,NULL,'2026-01-01 03:52:48',NULL),(1302,251,155,'member',0,0,0,NULL,NULL,'2026-01-01 03:52:48',NULL),(1303,251,154,'member',0,0,0,NULL,NULL,'2026-01-01 03:52:48',NULL),(1304,251,161,'admin',0,0,0,NULL,NULL,'2026-01-01 03:52:48',NULL),(1305,252,6,'admin',0,0,0,NULL,NULL,'2026-01-01 03:52:48',NULL),(1312,259,6,'admin',0,0,0,NULL,NULL,'2026-01-01 03:52:48',NULL),(1345,292,6,'admin',0,0,0,NULL,NULL,'2026-01-01 03:52:48',NULL),(1346,292,116,'admin',0,0,0,NULL,NULL,'2026-01-01 03:52:48',NULL),(1347,292,123,'admin',0,0,0,NULL,NULL,'2026-01-01 03:52:48',NULL),(1348,292,122,'admin',0,0,0,NULL,NULL,'2026-01-01 03:52:48',NULL),(1349,292,120,'admin',0,0,0,NULL,NULL,'2026-01-01 03:52:48',NULL),(1350,293,6,'admin',0,0,0,NULL,NULL,'2026-01-01 03:52:48',NULL),(1351,293,9,'admin',0,0,0,NULL,NULL,'2026-01-01 03:52:48',NULL),(1352,293,121,'admin',0,0,0,NULL,NULL,'2026-01-01 03:52:48',NULL),(1353,293,124,'admin',0,0,0,NULL,NULL,'2026-01-01 03:52:48',NULL),(1354,293,119,'admin',0,0,0,NULL,NULL,'2026-01-01 03:52:48',NULL),(1355,293,118,'admin',0,0,0,NULL,NULL,'2026-01-01 03:52:48',NULL),(1356,293,125,'admin',0,0,0,NULL,NULL,'2026-01-01 03:52:48',NULL),(1357,293,127,'admin',0,0,0,NULL,NULL,'2026-01-01 03:52:48',NULL),(1358,293,126,'member',0,0,0,NULL,NULL,'2026-01-01 03:52:48',NULL),(1359,293,132,'member',0,0,0,NULL,NULL,'2026-01-01 03:52:48',NULL),(1360,293,134,'admin',0,0,0,NULL,NULL,'2026-01-01 03:52:48',NULL),(1361,293,136,'admin',0,0,0,NULL,NULL,'2026-01-01 03:52:48',NULL),(1362,293,155,'admin',0,0,0,NULL,NULL,'2026-01-01 03:52:48',NULL),(1363,293,161,'member',0,0,0,NULL,NULL,'2026-01-01 03:52:48',NULL),(1364,294,6,'admin',0,0,0,NULL,NULL,'2026-01-01 03:52:48',NULL),(1365,294,116,'admin',0,0,0,NULL,NULL,'2026-01-01 03:52:48',NULL),(1366,294,9,'admin',0,0,0,NULL,NULL,'2026-01-01 03:52:48',NULL),(1367,294,123,'admin',0,0,0,NULL,NULL,'2026-01-01 03:52:48',NULL),(1368,294,113,'admin',0,0,0,NULL,NULL,'2026-01-01 03:52:48',NULL),(1369,294,127,'admin',0,0,0,NULL,NULL,'2026-01-01 03:52:48',NULL),(1370,294,115,'admin',0,0,0,NULL,NULL,'2026-01-01 03:52:48',NULL),(1371,294,112,'admin',0,0,0,NULL,NULL,'2026-01-01 03:52:48',NULL),(1372,294,134,'admin',0,0,0,NULL,NULL,'2026-01-01 03:52:48',NULL),(1373,294,164,'admin',0,0,0,NULL,NULL,'2026-01-01 03:52:48',NULL),(1374,295,6,'admin',0,0,0,NULL,NULL,'2026-01-01 03:52:48',NULL),(1375,295,116,'admin',0,0,0,NULL,NULL,'2026-01-01 03:52:48',NULL),(1376,295,123,'admin',0,0,0,NULL,NULL,'2026-01-01 03:52:48',NULL),(1377,295,122,'admin',0,0,0,NULL,NULL,'2026-01-01 03:52:48',NULL),(1378,295,127,'member',0,0,0,NULL,NULL,'2026-01-01 03:52:48',NULL),(1379,295,128,'admin',0,0,0,NULL,NULL,'2026-01-01 03:52:48',NULL),(1380,295,159,'admin',0,0,0,NULL,NULL,'2026-01-01 03:52:48',NULL),(1381,296,6,'admin',0,0,0,NULL,NULL,'2026-01-01 03:52:48',NULL),(1382,296,9,'admin',0,0,0,NULL,NULL,'2026-01-01 03:52:48',NULL),(1383,297,6,'admin',0,0,0,NULL,NULL,'2026-01-01 03:52:48',NULL),(1384,297,9,'admin',0,0,0,NULL,NULL,'2026-01-01 03:52:48',NULL),(1385,297,121,'admin',0,0,0,NULL,NULL,'2026-01-01 03:52:48',NULL),(1386,297,124,'admin',0,0,0,NULL,NULL,'2026-01-01 03:52:48',NULL),(1387,297,119,'admin',0,0,0,NULL,NULL,'2026-01-01 03:52:48',NULL),(1388,297,118,'admin',0,0,0,NULL,NULL,'2026-01-01 03:52:48',NULL),(1389,297,125,'admin',0,0,0,NULL,NULL,'2026-01-01 03:52:48',NULL),(1390,297,115,'member',0,0,0,NULL,NULL,'2026-01-01 03:52:48',NULL),(1391,297,129,'admin',0,0,0,NULL,NULL,'2026-01-01 03:52:48',NULL),(1392,297,132,'member',0,0,0,NULL,NULL,'2026-01-01 03:52:48',NULL),(1393,297,136,'admin',0,0,0,NULL,NULL,'2026-01-01 03:52:48',NULL),(1394,297,149,'admin',0,0,0,NULL,NULL,'2026-01-01 03:52:48',NULL),(1395,297,155,'admin',0,0,0,NULL,NULL,'2026-01-01 03:52:48',NULL),(1396,298,6,'admin',0,0,0,NULL,NULL,'2026-01-01 03:52:48',NULL),(1397,298,9,'admin',0,0,0,NULL,NULL,'2026-01-01 03:52:48',NULL),(1398,298,121,'admin',0,0,0,NULL,NULL,'2026-01-01 03:52:48',NULL),(1399,298,124,'admin',0,0,0,NULL,NULL,'2026-01-01 03:52:48',NULL),(1400,298,119,'admin',0,0,0,NULL,NULL,'2026-01-01 03:52:48',NULL),(1401,298,118,'admin',0,0,0,NULL,NULL,'2026-01-01 03:52:48',NULL),(1402,298,125,'admin',0,0,0,NULL,NULL,'2026-01-01 03:52:48',NULL),(1403,298,115,'member',0,0,0,NULL,NULL,'2026-01-01 03:52:48',NULL),(1404,298,129,'admin',0,0,0,NULL,NULL,'2026-01-01 03:52:48',NULL),(1405,298,132,'member',0,0,0,NULL,NULL,'2026-01-01 03:52:48',NULL),(1406,298,134,'admin',0,0,0,NULL,NULL,'2026-01-01 03:52:48',NULL),(1407,298,136,'admin',0,0,0,NULL,NULL,'2026-01-01 03:52:48',NULL),(1408,298,149,'admin',0,0,0,NULL,NULL,'2026-01-01 03:52:48',NULL),(1409,298,155,'admin',0,0,0,NULL,NULL,'2026-01-01 03:52:48',NULL),(1410,299,6,'admin',0,0,0,NULL,NULL,'2026-01-01 03:52:48',NULL),(1411,299,9,'admin',0,0,0,NULL,NULL,'2026-01-01 03:52:48',NULL),(1412,299,123,'member',0,0,0,NULL,NULL,'2026-01-01 03:52:48',NULL),(1413,299,121,'admin',0,0,0,NULL,NULL,'2026-01-01 03:52:48',NULL),(1414,299,124,'admin',0,0,0,NULL,NULL,'2026-01-01 03:52:48',NULL),(1415,299,119,'admin',0,0,0,NULL,NULL,'2026-01-01 03:52:48',NULL),(1416,299,118,'admin',0,0,0,NULL,NULL,'2026-01-01 03:52:48',NULL),(1417,299,125,'admin',0,0,0,NULL,NULL,'2026-01-01 03:52:48',NULL),(1418,299,115,'member',0,0,0,NULL,NULL,'2026-01-01 03:52:48',NULL),(1419,299,126,'member',0,0,0,NULL,NULL,'2026-01-01 03:52:48',NULL),(1420,299,129,'admin',0,0,0,NULL,NULL,'2026-01-01 03:52:48',NULL),(1421,299,136,'admin',0,0,0,NULL,NULL,'2026-01-01 03:52:48',NULL),(1422,79,112,'admin',0,0,0,NULL,NULL,'2026-01-01 04:18:01',NULL),(1423,79,153,'member',0,0,0,NULL,NULL,'2026-01-01 04:18:08',NULL),(1424,89,117,'admin',0,0,0,NULL,NULL,'2026-01-01 04:19:57',NULL),(1425,89,78,'member',0,0,0,NULL,NULL,'2026-01-01 04:20:06',NULL),(1426,89,128,'admin',0,0,0,NULL,NULL,'2026-01-01 04:20:37',NULL),(1427,89,112,'admin',0,0,0,NULL,NULL,'2026-01-01 04:20:43',NULL),(1428,89,132,'admin',0,0,0,NULL,NULL,'2026-01-01 04:20:47',NULL),(1429,89,133,'member',0,0,0,NULL,NULL,'2026-01-01 04:21:26',NULL),(1430,89,134,'admin',0,0,0,NULL,NULL,'2026-01-01 04:21:32',NULL),(1431,89,138,'member',0,0,0,NULL,NULL,'2026-01-01 04:21:38',NULL),(1432,89,146,'admin',0,0,0,NULL,NULL,'2026-01-01 04:22:05',NULL),(1433,89,148,'member',0,0,0,NULL,NULL,'2026-01-01 04:22:10',NULL),(1434,89,147,'admin',0,0,0,NULL,NULL,'2026-01-01 04:22:44',NULL),(1435,89,151,'member',0,0,0,NULL,NULL,'2026-01-01 04:22:52',NULL),(1436,89,159,'member',0,0,0,NULL,NULL,'2026-01-01 04:23:55',NULL),(1437,89,160,'member',0,0,0,NULL,NULL,'2026-01-01 04:24:00',NULL),(1438,89,163,'member',0,0,0,NULL,NULL,'2026-01-01 04:24:10',NULL),(1439,89,166,'member',0,0,0,NULL,NULL,'2026-01-01 04:24:35',NULL),(1440,89,100,'member',0,0,0,NULL,NULL,'2026-01-01 04:24:40',NULL),(1441,89,167,'member',0,0,0,NULL,NULL,'2026-01-01 04:24:45',NULL),(1442,89,168,'member',0,0,0,NULL,NULL,'2026-01-01 04:27:28',NULL),(1443,89,173,'member',0,0,0,NULL,NULL,'2026-01-01 04:27:46',NULL),(1444,89,91,'member',0,0,0,NULL,NULL,'2026-01-01 04:27:52',NULL),(1445,111,117,'admin',0,0,0,NULL,NULL,'2026-01-01 04:28:53',NULL),(1446,111,123,'admin',0,0,0,NULL,NULL,'2026-01-01 04:29:09',NULL),(1447,111,120,'admin',0,0,0,NULL,NULL,'2026-01-01 04:29:15',NULL),(1448,111,122,'admin',0,0,0,NULL,NULL,'2026-01-01 04:29:34',NULL),(1449,111,124,'admin',0,0,0,NULL,NULL,'2026-01-01 04:29:39',NULL),(1450,111,119,'admin',0,0,0,NULL,NULL,'2026-01-01 04:30:00',NULL),(1451,111,113,'admin',0,0,0,NULL,NULL,'2026-01-01 04:30:05',NULL),(1452,111,127,'admin',0,0,0,NULL,NULL,'2026-01-01 04:30:26',NULL),(1453,111,129,'member',0,0,0,NULL,NULL,'2026-01-01 04:30:31',NULL),(1454,111,134,'admin',0,0,0,NULL,NULL,'2026-01-01 04:30:48',NULL),(1455,111,139,'admin',0,0,0,NULL,NULL,'2026-01-01 04:30:53',NULL),(1456,111,141,'admin',0,0,0,NULL,NULL,'2026-01-01 04:31:11',NULL),(1457,111,146,'admin',0,0,0,NULL,NULL,'2026-01-01 04:31:16',NULL),(1458,111,152,'admin',0,0,0,NULL,NULL,'2026-01-01 04:31:33',NULL),(1459,111,162,'admin',0,0,0,NULL,NULL,'2026-01-01 04:31:44',NULL),(1460,133,9,'admin',0,0,0,NULL,NULL,'2026-01-01 04:33:37',NULL),(1461,133,117,'admin',0,0,0,NULL,NULL,'2026-01-01 04:33:42',NULL),(1462,133,123,'admin',0,0,0,NULL,NULL,'2026-01-01 04:33:49',NULL),(1463,133,124,'admin',0,0,0,NULL,NULL,'2026-01-01 04:34:09',NULL),(1464,133,113,'admin',0,0,0,NULL,NULL,'2026-01-01 04:34:15',NULL),(1465,133,127,'admin',0,0,0,NULL,NULL,'2026-01-01 04:34:20',NULL),(1466,133,115,'member',0,0,0,NULL,NULL,'2026-01-01 04:34:44',NULL),(1467,133,112,'admin',0,0,0,NULL,NULL,'2026-01-01 04:34:50',NULL),(1468,133,131,'member',0,0,0,NULL,NULL,'2026-01-01 04:34:54',NULL),(1469,133,134,'admin',0,0,0,NULL,NULL,'2026-01-01 04:35:15',NULL),(1470,133,141,'admin',0,0,0,NULL,NULL,'2026-01-01 04:35:19',NULL),(1471,133,152,'admin',0,0,0,NULL,NULL,'2026-01-01 04:35:36',NULL),(1472,133,164,'admin',0,0,0,NULL,NULL,'2026-01-01 04:35:41',NULL),(1473,148,73,'member',0,0,0,NULL,NULL,'2026-01-01 04:36:38',NULL),(1474,148,74,'member',0,0,0,NULL,NULL,'2026-01-01 04:36:44',NULL),(1475,148,135,'admin',0,0,0,NULL,NULL,'2026-01-01 04:36:50',NULL),(1476,152,9,'admin',0,0,0,NULL,NULL,'2026-01-01 04:37:40',NULL),(1477,152,120,'admin',0,0,0,NULL,NULL,'2026-01-01 04:37:45',NULL),(1478,152,121,'member',0,0,0,NULL,NULL,'2026-01-01 04:38:01',NULL),(1479,152,124,'admin',0,0,0,NULL,NULL,'2026-01-01 04:38:06',NULL),(1480,152,119,'admin',0,0,0,NULL,NULL,'2026-01-01 04:38:22',NULL),(1481,152,118,'member',0,0,0,NULL,NULL,'2026-01-01 04:38:28',NULL),(1482,152,125,'admin',0,0,0,NULL,NULL,'2026-01-01 04:38:43',NULL),(1483,152,115,'member',0,0,0,NULL,NULL,'2026-01-01 04:38:49',NULL),(1484,152,129,'admin',0,0,0,NULL,NULL,'2026-01-01 04:39:04',NULL),(1485,152,136,'admin',0,0,0,NULL,NULL,'2026-01-01 04:39:09',NULL),(1486,152,147,'member',0,0,0,NULL,NULL,'2026-01-01 04:39:26',NULL),(1487,152,149,'admin',0,0,0,NULL,NULL,'2026-01-01 04:39:31',NULL),(1488,152,165,'member',0,0,0,NULL,NULL,'2026-01-01 04:39:48',NULL),(1489,152,171,'admin',0,0,0,NULL,NULL,'2026-01-01 04:40:09',NULL),(1490,152,92,'member',0,0,0,NULL,NULL,'2026-01-01 04:40:15',NULL),(1491,174,116,'admin',0,0,0,NULL,NULL,'2026-01-01 04:41:38',NULL),(1492,174,123,'member',0,0,0,NULL,NULL,'2026-01-01 04:41:43',NULL),(1493,174,124,'member',0,0,0,NULL,NULL,'2026-01-01 04:41:47',NULL),(1494,174,113,'member',0,0,0,NULL,NULL,'2026-01-01 04:42:12',NULL),(1495,174,128,'member',0,0,0,NULL,NULL,'2026-01-01 04:42:18',NULL),(1496,174,127,'admin',0,0,0,NULL,NULL,'2026-01-01 04:42:22',NULL),(1497,174,134,'member',0,0,0,NULL,NULL,'2026-01-01 04:42:45',NULL),(1498,190,9,'admin',0,0,0,NULL,NULL,'2026-01-01 04:44:50',NULL),(1499,190,117,'admin',0,0,0,NULL,NULL,'2026-01-01 04:44:55',NULL),(1500,190,123,'admin',0,0,0,NULL,NULL,'2026-01-01 04:45:01',NULL),(1501,190,122,'admin',0,0,0,NULL,NULL,'2026-01-01 04:45:18',NULL),(1502,190,124,'admin',0,0,0,NULL,NULL,'2026-01-01 04:45:23',NULL),(1503,190,119,'admin',0,0,0,NULL,NULL,'2026-01-01 04:45:40',NULL),(1504,190,113,'admin',0,0,0,NULL,NULL,'2026-01-01 04:45:44',NULL),(1505,190,127,'admin',0,0,0,NULL,NULL,'2026-01-01 04:45:58',NULL),(1506,190,115,'member',0,0,0,NULL,NULL,'2026-01-01 04:46:03',NULL),(1507,190,112,'member',0,0,0,NULL,NULL,'2026-01-01 04:46:22',NULL),(1508,190,130,'admin',0,0,0,NULL,NULL,'2026-01-01 04:46:26',NULL),(1509,190,135,'admin',0,0,0,NULL,NULL,'2026-01-01 04:46:42',NULL),(1510,190,134,'admin',0,0,0,NULL,NULL,'2026-01-01 04:46:47',NULL),(1511,190,139,'admin',0,0,0,NULL,NULL,'2026-01-01 04:47:01',NULL),(1512,190,141,'admin',0,0,0,NULL,NULL,'2026-01-01 04:47:06',NULL),(1513,190,142,'member',0,0,0,NULL,NULL,'2026-01-01 04:47:19',NULL),(1514,190,152,'admin',0,0,0,NULL,NULL,'2026-01-01 04:47:24',NULL),(1515,212,9,'admin',0,0,0,NULL,NULL,'2026-01-01 04:49:20',NULL),(1516,212,123,'member',0,0,0,NULL,NULL,'2026-01-01 04:49:26',NULL),(1517,212,120,'member',0,0,0,NULL,NULL,'2026-01-01 04:49:42',NULL),(1518,212,122,'member',0,0,0,NULL,NULL,'2026-01-01 04:49:48',NULL),(1519,212,121,'member',0,0,0,NULL,NULL,'2026-01-01 04:50:03',NULL),(1520,212,124,'admin',0,0,0,NULL,NULL,'2026-01-01 04:50:08',NULL),(1521,212,119,'admin',0,0,0,NULL,NULL,'2026-01-01 04:50:22',NULL),(1522,212,125,'admin',0,0,0,NULL,NULL,'2026-01-01 04:50:27',NULL),(1523,212,127,'member',0,0,0,NULL,NULL,'2026-01-01 04:50:45',NULL),(1524,212,115,'member',0,0,0,NULL,NULL,'2026-01-01 04:50:50',NULL),(1525,212,129,'member',0,0,0,NULL,NULL,'2026-01-01 04:51:03',NULL),(1526,212,128,'admin',0,0,0,NULL,NULL,'2026-01-01 04:51:08',NULL),(1527,212,136,'admin',0,0,0,NULL,NULL,'2026-01-01 04:51:21',NULL),(1528,212,134,'admin',0,0,0,NULL,NULL,'2026-01-01 04:51:25',NULL),(1529,212,147,'member',0,0,0,NULL,NULL,'2026-01-01 04:51:42',NULL),(1530,212,149,'admin',0,0,0,NULL,NULL,'2026-01-01 04:51:47',NULL),(1531,212,155,'admin',0,0,0,NULL,NULL,'2026-01-01 04:52:00',NULL),(1532,212,154,'member',0,0,0,NULL,NULL,'2026-01-01 04:52:05',NULL),(1533,212,165,'member',0,0,0,NULL,NULL,'2026-01-01 04:52:21',NULL),(1534,212,168,'member',0,0,0,NULL,NULL,'2026-01-01 04:52:44',NULL),(1535,212,171,'member',0,0,0,NULL,NULL,'2026-01-01 04:52:50',NULL),(1536,252,120,'admin',0,0,0,NULL,NULL,'2026-01-01 04:55:46',NULL),(1537,252,124,'admin',0,0,0,NULL,NULL,'2026-01-01 04:55:52',NULL),(1538,252,119,'admin',0,0,0,NULL,NULL,'2026-01-01 04:55:57',NULL),(1539,252,129,'admin',0,0,0,NULL,NULL,'2026-01-01 04:56:13',NULL),(1540,252,165,'admin',0,0,0,NULL,NULL,'2026-01-01 04:56:25',NULL),(1541,252,171,'admin',0,0,0,NULL,NULL,'2026-01-01 04:56:35',NULL),(1542,252,149,'admin',0,0,0,NULL,NULL,'2026-01-01 04:56:54',NULL),(1543,259,9,'admin',0,0,0,NULL,NULL,'2026-01-01 04:57:44',NULL),(1544,259,117,'admin',0,0,0,NULL,NULL,'2026-01-01 04:57:51',NULL),(1545,259,122,'admin',0,0,0,NULL,NULL,'2026-01-01 04:57:57',NULL),(1546,259,118,'member',0,0,0,NULL,NULL,'2026-01-01 04:58:17',NULL),(1547,259,113,'admin',0,0,0,NULL,NULL,'2026-01-01 04:58:23',NULL),(1548,259,127,'admin',0,0,0,NULL,NULL,'2026-01-01 04:58:27',NULL),(1549,259,126,'member',0,0,0,NULL,NULL,'2026-01-01 04:58:44',NULL),(1550,259,78,'member',0,0,0,NULL,NULL,'2026-01-01 04:58:49',NULL),(1551,259,128,'admin',0,0,0,NULL,NULL,'2026-01-01 04:58:53',NULL),(1552,259,112,'member',0,0,0,NULL,NULL,'2026-01-01 04:59:11',NULL),(1553,259,132,'member',0,0,0,NULL,NULL,'2026-01-01 04:59:15',NULL),(1554,259,133,'member',0,0,0,NULL,NULL,'2026-01-01 04:59:19',NULL),(1555,259,134,'admin',0,0,0,NULL,NULL,'2026-01-01 04:59:35',NULL),(1556,259,137,'member',0,0,0,NULL,NULL,'2026-01-01 04:59:44',NULL),(1557,259,138,'member',0,0,0,NULL,NULL,'2026-01-01 05:00:03',NULL),(1558,259,140,'member',0,0,0,NULL,NULL,'2026-01-01 05:00:07',NULL),(1559,259,141,'admin',0,0,0,NULL,NULL,'2026-01-01 05:00:22',NULL),(1560,259,146,'member',0,0,0,NULL,NULL,'2026-01-01 05:00:28',NULL),(1561,259,147,'member',0,0,0,NULL,NULL,'2026-01-01 05:00:44',NULL),(1562,259,148,'member',0,0,0,NULL,NULL,'2026-01-01 05:00:49',NULL),(1563,259,152,'admin',0,0,0,NULL,NULL,'2026-01-01 05:01:03',NULL),(1564,259,155,'member',0,0,0,NULL,NULL,'2026-01-01 05:01:07',NULL),(1565,259,158,'member',0,0,0,NULL,NULL,'2026-01-01 05:01:18',NULL),(1566,259,159,'member',0,0,0,NULL,NULL,'2026-01-01 05:01:37',NULL),(1567,259,160,'member',0,0,0,NULL,NULL,'2026-01-01 05:01:42',NULL),(1568,259,161,'member',0,0,0,NULL,NULL,'2026-01-01 05:01:46',NULL),(1569,259,167,'member',0,0,0,NULL,NULL,'2026-01-01 05:02:20',NULL),(1570,259,100,'member',0,0,0,NULL,NULL,'2026-01-01 05:02:26',NULL),(1571,259,163,'member',0,0,0,NULL,NULL,'2026-01-01 05:02:39',NULL),(1572,259,109,'member',0,0,0,NULL,NULL,'2026-01-01 05:03:00',NULL),(1573,259,173,'member',0,0,0,NULL,NULL,'2026-01-01 05:03:04',NULL),(1574,259,91,'member',0,0,0,NULL,NULL,'2026-01-01 05:03:17',NULL),(1575,174,117,'member',0,0,0,NULL,NULL,'2026-01-04 16:09:07',NULL),(1576,187,128,'admin',0,0,0,NULL,NULL,'2026-01-04 16:12:57',NULL),(1577,190,146,'member',0,0,0,NULL,NULL,'2026-01-04 16:14:53',NULL),(1578,190,162,'member',0,0,0,NULL,NULL,'2026-01-04 16:15:13',NULL),(1579,249,128,'admin',0,0,0,NULL,NULL,'2026-01-04 16:29:54',NULL),(1580,250,128,'admin',0,0,0,NULL,NULL,'2026-01-04 16:30:49',NULL),(1581,250,134,'admin',0,0,0,NULL,NULL,'2026-01-04 16:31:01',NULL),(1582,251,128,'admin',0,0,0,NULL,NULL,'2026-01-04 16:32:00',NULL);
/*!40000 ALTER TABLE `conversation_members` ENABLE KEYS */;
UNLOCK TABLES;
/*!40103 SET TIME_ZONE=@OLD_TIME_ZONE */;

/*!40101 SET SQL_MODE=@OLD_SQL_MODE */;
/*!40014 SET FOREIGN_KEY_CHECKS=@OLD_FOREIGN_KEY_CHECKS */;
/*!40101 SET CHARACTER_SET_CLIENT=@OLD_CHARACTER_SET_CLIENT */;
/*!40101 SET CHARACTER_SET_RESULTS=@OLD_CHARACTER_SET_RESULTS */;
/*!40101 SET COLLATION_CONNECTION=@OLD_COLLATION_CONNECTION */;
/*!40111 SET SQL_NOTES=@OLD_SQL_NOTES */;

-- Dump completed on 2026-01-05  1:15:47
